structure,n,query,key,latency_ms,disk_reads,disk_writes
Heap,100000,1,63943,160.01110000070184,10000,0
Heap,100000,2,2502,162.17860000324436,10000,0
Heap,100000,3,27503,161.501299997326,10000,0
Heap,100000,4,22322,162.91379999893252,10000,0
Heap,100000,5,73648,164.8099000012735,10000,0
Heap,100000,6,67670,166.26600000017788,10000,0
Heap,100000,7,89218,169.91719999350607,10000,0
Heap,100000,8,8694,166.1030999966897,10000,0
Heap,100000,9,42193,166.3105000043288,10000,0
Heap,100000,10,2980,168.85560000082478,10000,0
Heap,100000,11,21864,163.39590000279713,10000,0
Heap,100000,12,50536,161.67509999650065,10000,0
Heap,100000,13,2654,160.93659999023657,10000,0
Heap,100000,14,19884,163.34089999145363,10000,0
Heap,100000,15,64989,166.52410000097007,10000,0
Heap,100000,16,54495,163.97470000083558,10000,0
Heap,100000,17,22045,163.3560999907786,10000,0
Heap,100000,18,58927,167.2415000066394,10000,0
Heap,100000,19,80944,170.67389999283478,10000,0
Heap,100000,20,650,166.46079999918584,10000,0
Heap,100000,21,80582,165.0279000023147,10000,0
Heap,100000,22,69814,162.63369999069255,10000,0
Heap,100000,23,34026,160.57110000110697,10000,0
Heap,100000,24,15548,162.07910000230186,10000,0
Heap,100000,25,95722,159.81520000786986,10000,0
Heap,100000,26,33660,161.47890000138432,10000,0
Heap,100000,27,9275,160.69049999350682,10000,0
Heap,100000,28,9672,161.42010000476148,10000,0
Heap,100000,29,84750,162.6263999933144,10000,0
Heap,100000,30,60373,162.97940000367817,10000,0
Heap,100000,31,80713,159.8186000046553,10000,0
Heap,100000,32,72974,160.68709999672137,10000,0
Heap,100000,33,53623,162.89919998962432,10000,0
Heap,100000,34,97312,159.85830000136048,10000,0
Heap,100000,35,37854,163.1206000020029,10000,0
Heap,100000,36,55205,160.89610000199173,10000,0
Heap,100000,37,82941,167.57119999965653,10000,0
Heap,100000,38,61852,162.45190000336152,10000,0
Heap,100000,39,86171,163.0243999970844,10000,0
Heap,100000,40,57736,161.47079999791458,10000,0
Heap,100000,41,70458,167.83720000239555,10000,0
Heap,100000,42,4583,165.97630000615027,10000,0
Heap,100000,43,22790,162.5528000004124,10000,0
Heap,100000,44,28939,170.95610000251327,10000,0
Heap,100000,45,7980,159.93300000263844,10000,0
Heap,100000,46,23280,165.59650000999682,10000,0
Heap,100000,47,10101,161.74880000471603,10000,0
Heap,100000,48,27798,160.7975999941118,10000,0
Heap,100000,49,63569,161.78919999219943,10000,0
Heap,100000,50,36484,159.3637000041781,10000,0
Heap,100000,51,37019,172.07610000332352,10000,0
Heap,100000,52,20951,161.62340001028497,10000,0
Heap,100000,53,26698,159.64949999761302,10000,0
Heap,100000,54,93666,159.21339999476913,10000,0
Heap,100000,55,64804,159.0920000016922,10000,0
Heap,100000,56,60914,160.83680000156164,10000,0
Heap,100000,57,17114,160.68740001355764,10000,0
Heap,100000,58,72913,160.33969999989495,10000,0
Heap,100000,59,16341,159.43490000790916,10000,0
Heap,100000,60,37946,159.68850000353996,10000,0
Heap,100000,61,98953,162.9328999988502,10000,0
Heap,100000,62,64000,162.8459999919869,10000,0
Heap,100000,63,55695,161.4697999903001,10000,0
Heap,100000,64,68462,166.6129999939585,10000,0
Heap,100000,65,84286,162.0159999874886,10000,0
Heap,100000,66,77600,160.0386000063736,10000,0
Heap,100000,67,22905,160.43369998806156,10000,0
Heap,100000,68,3211,160.69959999003913,10000,0
Heap,100000,69,31546,159.06779999204446,10000,0
Heap,100000,70,26775,160.3258000104688,10000,0
Heap,100000,71,21099,164.7707999945851,10000,0
Heap,100000,72,94291,165.29039999295492,10000,0
Heap,100000,73,87637,159.9228000122821,10000,0
Heap,100000,74,31468,164.70520000439137,10000,0
Heap,100000,75,65544,160.29030000208877,10000,0
Heap,100000,76,39564,166.29459999967366,10000,0
Heap,100000,77,91455,160.98390000115614,10000,0
Heap,100000,78,45886,162.43280000344384,10000,0
Heap,100000,79,26489,159.65260000666603,10000,0
Heap,100000,80,24663,161.47199999250006,10000,0
Heap,100000,81,56137,160.93240000191145,10000,0
Heap,100000,82,26275,161.54780000215396,10000,0
Heap,100000,83,58459,159.9415999953635,10000,0
Heap,100000,84,89783,158.65159999520984,10000,0
Heap,100000,85,39941,159.18030000466388,10000,0
Heap,100000,86,21933,158.2231999927899,10000,0
Heap,100000,87,99754,159.34109999216162,10000,0
Heap,100000,88,50953,160.01439999672584,10000,0
Heap,100000,89,9091,160.45060000033118,10000,0
Heap,100000,90,4712,162.30779999750666,10000,0
Heap,100000,91,10965,161.25589999137446,10000,0
Heap,100000,92,62745,161.13020000921097,10000,0
Heap,100000,93,79208,162.4428000068292,10000,0
Heap,100000,94,42216,161.44950001034886,10000,0
Heap,100000,95,6353,162.9520999995293,10000,0
Heap,100000,96,38162,162.56319999229163,10000,0
Heap,100000,97,99613,159.84790000948124,10000,0
Heap,100000,98,52912,158.3593999966979,10000,0
Heap,100000,99,97108,161.06670000590384,10000,0
Heap,100000,100,86078,160.22449999582022,10000,0
Heap,100000,101,1149,158.7359999975888,10000,0
Heap,100000,102,72073,158.3052000059979,10000,0
Heap,100000,103,68172,160.3369000076782,10000,0
Heap,100000,104,53698,159.1785000055097,10000,0
Heap,100000,105,26683,160.37139999389183,10000,0
Heap,100000,106,64097,160.9667000011541,10000,0
Heap,100000,107,11156,162.27600000274833,10000,0
Heap,100000,108,43477,160.45239999948535,10000,0
Heap,100000,109,45373,158.5402999917278,10000,0
Heap,100000,110,95382,158.67070000967942,10000,0
Heap,100000,111,87586,159.77869999187533,10000,0
Heap,100000,112,26339,160.68659999291413,10000,0
Heap,100000,113,50059,159.42979999817908,10000,0
Heap,100000,114,17866,159.5476999937091,10000,0
Heap,100000,115,91263,158.6704999936046,10000,0
Heap,100000,116,87052,161.29990000627004,10000,0
Heap,100000,117,29845,159.38260000257287,10000,0
Heap,100000,118,63895,159.60339999583084,10000,0
Heap,100000,119,60898,159.64509999321308,10000,0
Heap,100000,120,15284,157.14749999460764,10000,0
Heap,100000,121,76252,159.9114999989979,10000,0
Heap,100000,122,53938,160.01550000510179,10000,0
Heap,100000,123,77863,162.3710999992909,10000,0
Heap,100000,124,53036,158.71979999064934,10000,0
Heap,100000,125,58,158.7924000050407,10000,0
Heap,100000,126,32416,162.8989000018919,10000,0
Heap,100000,127,1948,159.27849999570753,10000,0
Heap,100000,128,92910,158.96129999600817,10000,0
Heap,100000,129,87873,159.68699999211822,10000,0
Heap,100000,130,83167,160.76369999791496,10000,0
Heap,100000,131,30752,159.91300001041964,10000,0
Heap,100000,132,5793,158.44369999831542,10000,0
Heap,100000,133,87801,158.79919999861158,10000,0
Heap,100000,134,94695,157.71830000448972,10000,0
Heap,100000,135,8566,158.89630001038313,10000,0
Heap,100000,136,48600,159.25539999443572,10000,0
Heap,100000,137,6922,159.8194000107469,10000,0
Heap,100000,138,76061,165.78099998878315,10000,0
Heap,100000,139,76584,159.09519999695476,10000,0
Heap,100000,140,12840,160.02969999681227,10000,0
Heap,100000,141,47529,158.71530000003986,10000,0
Heap,100000,142,54981,159.76180000870954,10000,0
Heap,100000,143,26506,165.658900004928,10000,0
Heap,100000,144,87244,162.54469999694265,10000,0
Heap,100000,145,42314,161.02970000065397,10000,0
Heap,100000,146,21180,162.96900001179893,10000,0
Heap,100000,147,53930,160.39779999118764,10000,0
Heap,100000,148,72994,160.9974000020884,10000,0
Heap,100000,149,20116,165.9317000012379,10000,0
Heap,100000,150,31172,158.78899999370333,10000,0
Heap,100000,151,99515,160.39990000717808,10000,0
Heap,100000,152,64988,159.18999999121297,10000,0
Heap,100000,153,43811,160.21879999607336,10000,0
Heap,100000,154,51758,160.9016000002157,10000,0
Heap,100000,155,12101,158.59110000019427,10000,0
Heap,100000,156,22470,161.73910000361502,10000,0
Heap,100000,157,33809,158.40070000558626,10000,0
Heap,100000,158,58831,160.48019999288954,10000,0
Heap,100000,159,23012,160.54959999746643,10000,0
Heap,100000,160,22022,158.42710000288207,10000,0
Heap,100000,161,7100,159.06350000295788,10000,0
Heap,100000,162,63111,159.01129999838304,10000,0
Heap,100000,163,22895,158.91160001046956,10000,0
Heap,100000,164,90543,161.19529999559745,10000,0
Heap,100000,165,85964,159.05689999635797,10000,0
Heap,100000,166,7086,158.34100000211038,10000,0
Heap,100000,167,23801,159.130300002289,10000,0
Heap,100000,168,66898,159.46359999361448,10000,0
Heap,100000,169,21424,161.16089999559335,10000,0
Heap,100000,170,13232,160.03869999258313,10000,0
Heap,100000,171,93552,159.6441000001505,10000,0
Heap,100000,172,57105,159.24140000424813,10000,0
Heap,100000,173,47268,160.67680000560358,10000,0
Heap,100000,174,78462,160.1451000024099,10000,0
Heap,100000,175,80750,160.3171999886399,10000,0
Heap,100000,176,19041,160.65759999037255,10000,0
Heap,100000,177,9694,160.05820001009852,10000,0
Heap,100000,178,43106,158.22990000015125,10000,0
Heap,100000,179,42358,158.83400000166148,10000,0
Heap,100000,180,46703,158.68849999969825,10000,0
Heap,100000,181,72908,163.61180000239983,10000,0
Heap,100000,182,67337,164.4840000080876,10000,0
Heap,100000,183,98417,160.15599999809638,10000,0
Heap,100000,184,9842,159.60300000733696,10000,0
Heap,100000,185,40263,161.0173999943072,10000,0
Heap,100000,186,33931,159.38929999538232,10000,0
Heap,100000,187,86168,160.53500000271015,10000,0
Heap,100000,188,24866,160.12010000122245,10000,0
Heap,100000,189,19021,161.21449999627657,10000,0
Heap,100000,190,44862,160.19460000097752,10000,0
Heap,100000,191,42189,162.48990000167396,10000,0
Heap,100000,192,27855,158.13470000284724,10000,0
Heap,100000,193,24981,161.60179999133106,10000,0
Heap,100000,194,92327,158.78739999607205,10000,0
Heap,100000,195,44314,160.8593999990262,10000,0
Heap,100000,196,86135,161.76540000014938,10000,0
Heap,100000,197,55033,162.3165000055451,10000,0
Heap,100000,198,5059,159.72140000667423,10000,0
Heap,100000,199,99929,159.78289999475237,10000,0
Heap,100000,200,83603,159.86299999349285,10000,0
Heap,100000,201,96900,163.79279999819119,10000,0
Heap,100000,202,92637,161.3394000014523,10000,0
Heap,100000,203,84870,159.51949999725912,10000,0
Heap,100000,204,16632,160.57150000415277,10000,0
Heap,100000,205,48565,166.59270001400728,10000,0
Heap,100000,206,21375,159.6922999888193,10000,0
Heap,100000,207,40105,159.44889999809675,10000,0
Heap,100000,208,5864,164.06369999458548,10000,0
Heap,100000,209,37898,160.76740001153667,10000,0
Heap,100000,210,98531,160.39739998814184,10000,0
Heap,100000,211,26521,160.39239999372512,10000,0
Heap,100000,212,78408,163.33309999026824,10000,0
Heap,100000,213,45501,160.91909998795018,10000,0
Heap,100000,214,42301,163.80460000073072,10000,0
Heap,100000,215,95732,160.9310999920126,10000,0
Heap,100000,216,99543,161.10800000024028,10000,0
Heap,100000,217,55577,158.77749999344815,10000,0
Heap,100000,218,71841,159.77480000583455,10000,0
Heap,100000,219,15480,159.64500000700355,10000,0
Heap,100000,220,29671,159.91249999206048,10000,0
Heap,100000,221,96871,162.9110999929253,10000,0
Heap,100000,222,57919,164.78240001015365,10000,0
Heap,100000,223,54220,161.34419999434613,10000,0
Heap,100000,224,74798,160.63589999976102,10000,0
Heap,100000,225,5717,160.8395999937784,10000,0
Heap,100000,226,58418,159.50019999581855,10000,0
Heap,100000,227,50286,158.43660000246018,10000,0
Heap,100000,228,85272,160.57599999476224,10000,0
Heap,100000,229,15744,160.72129999520257,10000,0
Heap,100000,230,96078,160.39079999609385,10000,0
Heap,100000,231,8012,160.82860001188237,10000,0
Heap,100000,232,18583,161.07669999473728,10000,0
Heap,100000,233,59504,162.3358999931952,10000,0
Heap,100000,234,67522,160.99730000132695,10000,0
Heap,100000,235,23521,160.45859998848755,10000,0
Heap,100000,236,11989,159.24039999663364,10000,0
Heap,100000,237,89029,166.60199999751057,10000,0
Heap,100000,238,24622,160.43720000016037,10000,0
Heap,100000,239,59452,160.33880000759382,10000,0
Heap,100000,240,61939,158.11200000462122,10000,0
Heap,100000,241,41923,159.77669999119826,10000,0
Heap,100000,242,58368,160.38890001073014,10000,0
Heap,100000,243,52279,160.21419999015052,10000,0
Heap,100000,244,93471,160.9774000098696,10000,0
Heap,100000,245,20426,166.37599999376107,10000,0
Heap,100000,246,71620,158.24499999871477,10000,0
Heap,100000,247,23869,160.30879999743775,10000,0
Heap,100000,248,39579,164.0793999977177,10000,0
Heap,100000,249,67170,160.4774000006728,10000,0
Heap,100000,250,30000,159.32010000688024,10000,0
Heap,100000,251,31618,159.19920000305865,10000,0
Heap,100000,252,75187,157.93449999182485,10000,0
Heap,100000,253,7255,158.3569000067655,10000,0
Heap,100000,254,45829,166.78780000074767,10000,0
Heap,100000,255,99846,159.06610000820365,10000,0
Heap,100000,256,99610,158.9961999998195,10000,0
Heap,100000,257,7327,158.97319999930914,10000,0
Heap,100000,258,21316,162.91430000273976,10000,0
Heap,100000,259,26521,160.2734999905806,10000,0
Heap,100000,260,93326,159.7204999998212,10000,0
Heap,100000,261,88087,162.48269999050535,10000,0
Heap,100000,262,87928,159.8632999957772,10000,0
Heap,100000,263,36953,160.2446000033524,10000,0
Heap,100000,264,15775,158.23069999169093,10000,0
Heap,100000,265,83375,158.1718999950681,10000,0
Heap,100000,266,70354,157.57090000261087,10000,0
Heap,100000,267,61168,158.14179999870248,10000,0
Heap,100000,268,98724,163.45059999730438,10000,0
Heap,100000,269,65398,160.21099999488797,10000,0
Heap,100000,270,783,162.2095999919111,10000,0
Heap,100000,271,81711,157.72309999738354,10000,0
Heap,100000,272,29938,158.8608000020031,10000,0
Heap,100000,273,66339,158.4786999883363,10000,0
Heap,100000,274,93894,157.94330000062473,10000,0
Heap,100000,275,13430,161.6312999976799,10000,0
Heap,100000,276,11543,164.21790000458714,10000,0
Heap,100000,277,10704,160.56879999814555,10000,0
Heap,100000,278,55323,160.59020000102464,10000,0
Heap,100000,279,27235,162.02960000373423,10000,0
Heap,100000,280,60483,159.949199995026,10000,0
Heap,100000,281,71762,167.4330999958329,10000,0
Heap,100000,282,20360,158.36580000177491,10000,0
Heap,100000,283,63424,162.1450999955414,10000,0
Heap,100000,284,26399,161.61129999090917,10000,0
Heap,100000,285,48854,158.81190000800416,10000,0
Heap,100000,286,90534,159.22640000644606,10000,0
Heap,100000,287,84611,161.60560000571422,10000,0
Heap,100000,288,9230,167.6201999944169,10000,0
Heap,100000,289,42358,160.7088000018848,10000,0
Heap,100000,290,27669,163.03720000723843,10000,0
Heap,100000,291,355,158.92600000370294,10000,0
Heap,100000,292,77112,162.7771999919787,10000,0
Heap,100000,293,63712,159.29129999130964,10000,0
Heap,100000,294,26196,163.69460000714753,10000,0
Heap,100000,295,74124,158.0247999954736,10000,0
Heap,100000,296,55169,158.33430000930093,10000,0
Heap,100000,297,42769,160.4393000015989,10000,0
Heap,100000,298,967,160.58870000415482,10000,0
Heap,100000,299,7525,160.24830000242218,10000,0
Heap,100000,300,88311,167.32490000140388,10000,0
Heap,100000,301,90393,160.25220000301488,10000,0
Heap,100000,302,54560,164.52900000149384,10000,0
Heap,100000,303,83460,160.31989999464713,10000,0
Heap,100000,304,58251,162.0412999909604,10000,0
Heap,100000,305,14810,160.75330000603572,10000,0
Heap,100000,306,12745,159.54700000293087,10000,0
Heap,100000,307,30826,159.1057999903569,10000,0
Heap,100000,308,89899,158.48430000187363,10000,0
Heap,100000,309,79613,159.06219999305904,10000,0
Heap,100000,310,86071,158.75459999369923,10000,0
Heap,100000,311,89893,159.16259998630267,10000,0
Heap,100000,312,21008,158.9933000068413,10000,0
Heap,100000,313,24953,164.36730000714306,10000,0
Heap,100000,314,10280,159.0979999891715,10000,0
Heap,100000,315,78012,160.61910000280477,10000,0
Heap,100000,316,88414,157.54410000226926,10000,0
Heap,100000,317,40638,157.52569999312982,10000,0
Heap,100000,318,62067,160.72230000281706,10000,0
Heap,100000,319,15456,160.66400001000147,10000,0
Heap,100000,320,92989,167.3140000057174,10000,0
Heap,100000,321,86461,161.19070000422653,10000,0
Heap,100000,322,97621,164.71050000109244,10000,0
Heap,100000,323,81078,159.5039999956498,10000,0
Heap,100000,324,88142,158.81090000038967,10000,0
Heap,100000,325,2479,161.0140999982832,10000,0
Heap,100000,326,73657,162.27090000757016,10000,0
Heap,100000,327,33219,163.76019999734126,10000,0
Heap,100000,328,93082,157.78999999747612,10000,0
Heap,100000,329,80224,159.9765999999363,10000,0
Heap,100000,330,86407,161.0062999970978,10000,0
Heap,100000,331,81075,160.12979998777155,10000,0
Heap,100000,332,26681,159.4860999903176,10000,0
Heap,100000,333,78738,160.4929000022821,10000,0
Heap,100000,334,10810,161.3608000043314,10000,0
Heap,100000,335,87217,160.07579999859445,10000,0
Heap,100000,336,85860,161.68410000682343,10000,0
Heap,100000,337,22244,160.35459999693558,10000,0
Heap,100000,338,81659,162.73630000068806,10000,0
Heap,100000,339,46031,159.88579999248032,10000,0
Heap,100000,340,30520,163.29480000422336,10000,0
Heap,100000,341,79535,159.71019999415148,10000,0
Heap,100000,342,22760,162.75590000441298,10000,0
Heap,100000,343,2367,165.71030000341125,10000,0
Heap,100000,344,19313,158.5964999976568,10000,0
Heap,100000,345,32827,159.4930999999633,10000,0
Heap,100000,346,86436,163.06750000512693,10000,0
Heap,100000,347,96689,170.87709999759682,10000,0
Heap,100000,348,27913,163.63999999884982,10000,0
Heap,100000,349,64149,160.19840000080876,10000,0
Heap,100000,350,39968,164.10650000034366,10000,0
Heap,100000,351,98115,164.24510000797454,10000,0
Heap,100000,352,53622,161.7432000057306,10000,0
Heap,100000,353,93924,161.5826999914134,10000,0
Heap,100000,354,11535,163.30500000913162,10000,0
Heap,100000,355,97041,168.96519999136217,10000,0
Heap,100000,356,17857,173.03479999827687,10000,0
Heap,100000,357,96254,202.4338000046555,10000,0
Heap,100000,358,26547,181.60050000005867,10000,0
Heap,100000,359,10841,166.3780999951996,10000,0
Heap,100000,360,43457,171.42860000603832,10000,0
Heap,100000,361,72855,165.5006999935722,10000,0
Heap,100000,362,31368,166.07310000108555,10000,0
Heap,100000,363,60621,159.49629999522585,10000,0
Heap,100000,364,51143,159.14890001295134,10000,0
Heap,100000,365,38520,160.74450001178775,10000,0
Heap,100000,366,57659,158.65189999749418,10000,0
Heap,100000,367,25473,159.23889999976382,10000,0
Heap,100000,368,70879,158.55130000272766,10000,0
Heap,100000,369,170,160.03310000814963,10000,0
Heap,100000,370,92558,162.57309999491554,10000,0
Heap,100000,371,53846,173.4532999980729,10000,0
Heap,100000,372,71943,179.42300000868272,10000,0
Heap,100000,373,74196,159.3150999979116,10000,0
Heap,100000,374,67063,158.75649999361485,10000,0
Heap,100000,375,36423,159.40829999453854,10000,0
Heap,100000,376,6998,158.301899995422,10000,0
Heap,100000,377,66424,158.48189999815077,10000,0
Heap,100000,378,33021,159.1154999914579,10000,0
Heap,100000,379,31392,160.4673000110779,10000,0
Heap,100000,380,84802,158.84609999193344,10000,0
Heap,100000,381,71976,161.4670999988448,10000,0
Heap,100000,382,30033,165.01360000984278,10000,0
Heap,100000,383,30929,158.23979998822324,10000,0
Heap,100000,384,40840,157.81420000712387,10000,0
Heap,100000,385,40241,160.93389999878127,10000,0
Heap,100000,386,29566,164.9904000078095,10000,0
Heap,100000,387,12729,159.34119999292307,10000,0
Heap,100000,388,42045,159.06999999424443,10000,0
Heap,100000,389,94037,160.36520000488963,10000,0
Heap,100000,390,67732,161.73199999320786,10000,0
Heap,100000,391,90281,159.40630000841338,10000,0
Heap,100000,392,61552,159.12179999577347,10000,0
Heap,100000,393,30095,162.5830999983009,10000,0
Heap,100000,394,54794,161.49350001069251,10000,0
Heap,100000,395,41,163.21470000548288,10000,0
Heap,100000,396,28692,162.43440000107512,10000,0
Heap,100000,397,42989,158.12729999015573,10000,0
Heap,100000,398,57999,160.61240000999533,10000,0
Heap,100000,399,65471,160.83829999843147,10000,0
Heap,100000,400,46499,157.16020000400022,10000,0
Heap,100000,401,44216,159.97609999612905,10000,0
Heap,100000,402,21371,159.2294000001857,10000,0
Heap,100000,403,47319,159.20870000263676,10000,0
Heap,100000,404,90119,158.67669999715872,10000,0
Heap,100000,405,79603,161.1477999977069,10000,0
Heap,100000,406,16970,158.11749998829328,10000,0
Heap,100000,407,8480,158.3496999955969,10000,0
Heap,100000,408,51546,158.76160000334494,10000,0
Heap,100000,409,63295,159.4920999923488,10000,0
Heap,100000,410,33519,160.7341000053566,10000,0
Heap,100000,411,81843,159.0408999909414,10000,0
Heap,100000,412,75114,165.4739000077825,10000,0
Heap,100000,413,67280,159.77250000287313,10000,0
Heap,100000,414,22465,158.8793999981135,10000,0
Heap,100000,415,19913,159.99929999816231,10000,0
Heap,100000,416,2443,157.45549999701325,10000,0
Heap,100000,417,24485,160.66999999748077,10000,0
Heap,100000,418,47514,160.42739999829791,10000,0
Heap,100000,419,84974,159.2030000028899,10000,0
Heap,100000,420,7283,159.6925000048941,10000,0
Heap,100000,421,41445,159.06720000202768,10000,0
Heap,100000,422,62977,159.14950000296813,10000,0
Heap,100000,423,19444,157.68070000922307,10000,0
Heap,100000,424,69636,158.27439998975024,10000,0
Heap,100000,425,49438,160.48430000955705,10000,0
Heap,100000,426,24399,159.24819999781903,10000,0
Heap,100000,427,65606,157.84729999722913,10000,0
Heap,100000,428,555,162.89360000519082,10000,0
Heap,100000,429,75097,158.16540000378154,10000,0
Heap,100000,430,77005,158.80570000445005,10000,0
Heap,100000,431,10659,158.63350000290666,10000,0
Heap,100000,432,42515,160.08960000181105,10000,0
Heap,100000,433,17589,159.5831000013277,10000,0
Heap,100000,434,95797,161.45910001068842,10000,0
Heap,100000,435,51796,159.62970000691712,10000,0
Heap,100000,436,5022,160.38670000853017,10000,0
Heap,100000,437,24920,158.24479999719188,10000,0
Heap,100000,438,84834,159.47710000909865,10000,0
Heap,100000,439,45647,159.01580000354443,10000,0
Heap,100000,440,80142,157.8287000011187,10000,0
Heap,100000,441,66758,156.71739999379497,10000,0
Heap,100000,442,98790,160.61399999307469,10000,0
Heap,100000,443,59546,163.079399993876,10000,0
Heap,100000,444,95004,159.78959998756181,10000,0
Heap,100000,445,89143,159.8295000003418,10000,0
Heap,100000,446,61266,160.10779999487568,10000,0
Heap,100000,447,71928,158.5707999911392,10000,0
Heap,100000,448,50478,162.21899999072775,10000,0
Heap,100000,449,83057,157.6201999996556,10000,0
Heap,100000,450,54788,163.63559999444988,10000,0
Heap,100000,451,89721,159.93410001101438,10000,0
Heap,100000,452,74366,159.6832000068389,10000,0
Heap,100000,453,47468,160.43299999728333,10000,0
Heap,100000,454,25920,159.89970001101028,10000,0
Heap,100000,455,24724,160.0832999974955,10000,0
Heap,100000,456,63767,162.37799999362323,10000,0
Heap,100000,457,76582,164.99910000129603,10000,0
Heap,100000,458,52130,158.4945000067819,10000,0
Heap,100000,459,62675,159.7650000039721,10000,0
Heap,100000,460,27460,161.96480000508018,10000,0
Heap,100000,461,7749,170.22309999447316,10000,0
Heap,100000,462,28573,161.22619999805465,10000,0
Heap,100000,463,27172,169.18250000162516,10000,0
Heap,100000,464,31971,160.6352000089828,10000,0
Heap,100000,465,54016,164.5183999935398,10000,0
Heap,100000,466,13838,158.60009999596514,10000,0
Heap,100000,467,23127,163.53410000738222,10000,0
Heap,100000,468,69395,161.1380999966059,10000,0
Heap,100000,469,70642,160.33490000700112,10000,0
Heap,100000,470,6423,159.09139999712352,10000,0
Heap,100000,471,40760,157.86409999418538,10000,0
Heap,100000,472,54262,159.77690000727307,10000,0
Heap,100000,473,41578,165.9475000051316,10000,0
Heap,100000,474,20684,158.84219999134075,10000,0
Heap,100000,475,42015,157.63080000760965,10000,0
Heap,100000,476,90484,159.24229999654926,10000,0
Heap,100000,477,58408,163.86580000107642,10000,0
Heap,100000,478,69553,163.19900000235066,10000,0
Heap,100000,479,85674,164.66169999330305,10000,0
Heap,100000,480,76560,163.09089999413118,10000,0
Heap,100000,481,38039,160.69460001017433,10000,0
Heap,100000,482,590,160.87739999056794,10000,0
Heap,100000,483,35176,158.11450000910554,10000,0
Heap,100000,484,75348,158.2016000029398,10000,0
Heap,100000,485,85345,157.08999999333173,10000,0
Heap,100000,486,95344,158.12569999252446,10000,0
Heap,100000,487,41903,158.3877999946708,10000,0
Heap,100000,488,74752,158.78140000859275,10000,0
Heap,100000,489,54614,158.75190000224393,10000,0
Heap,100000,490,60326,164.16390000085812,10000,0
Heap,100000,491,22054,164.50519999489188,10000,0
Heap,100000,492,21943,161.22040001209825,10000,0
Heap,100000,493,43584,160.67469998961315,10000,0
Heap,100000,494,2903,159.42399999767076,10000,0
Heap,100000,495,33613,159.35810000519268,10000,0
Heap,100000,496,67915,158.19860000920016,10000,0
Heap,100000,497,40432,159.90629998850636,10000,0
Heap,100000,498,16505,157.70250000059605,10000,0
Heap,100000,499,46740,161.16830000828486,10000,0
Heap,100000,500,12763,159.326199995121,10000,0
Heap,100000,501,62226,158.74240000266582,10000,0
Heap,100000,502,2697,157.56059999694116,10000,0
Heap,100000,503,39403,158.73090000241064,10000,0
Heap,100000,504,56440,158.40660000685602,10000,0
Heap,100000,505,2711,162.38110000267625,10000,0
Heap,100000,506,64275,159.84609999577515,10000,0
Heap,100000,507,13570,157.01599999738391,10000,0
Heap,100000,508,46170,159.14089999569114,10000,0
Heap,100000,509,5029,158.81680000165943,10000,0
Heap,100000,510,37911,156.58159999293275,10000,0
Heap,100000,511,21167,158.579800001462,10000,0
Heap,100000,512,32685,159.6647000114899,10000,0
Heap,100000,513,76123,159.51589999895077,10000,0
Heap,100000,514,37913,159.63870000268798,10000,0
Heap,100000,515,75201,157.84810000332072,10000,0
Heap,100000,516,83193,164.0962999954354,10000,0
Heap,100000,517,25228,159.75479999906383,10000,0
Heap,100000,518,8191,161.36440000263974,10000,0
Heap,100000,519,1939,159.1331999952672,10000,0
Heap,100000,520,53942,158.51599999587052,10000,0
Heap,100000,521,99991,157.97459999157581,10000,0
Heap,100000,522,34997,160.19740000774618,10000,0
Heap,100000,523,65015,160.75029999774415,10000,0
Heap,100000,524,78124,161.08769999118522,10000,0
Heap,100000,525,65176,157.43610000936314,10000,0
Heap,100000,526,75424,159.0689000004204,10000,0
Heap,100000,527,94962,159.2986000032397,10000,0
Heap,100000,528,19937,160.92870000284165,10000,0
Heap,100000,529,2039,160.34750000108033,10000,0
Heap,100000,530,15239,160.23719999066088,10000,0
Heap,100000,531,12623,161.36710000864696,10000,0
Heap,100000,532,66946,159.67020000971388,10000,0
Heap,100000,533,56397,157.49729999515694,10000,0
Heap,100000,534,21797,168.23340000701137,10000,0
Heap,100000,535,69947,159.4894000008935,10000,0
Heap,100000,536,76690,159.39839999191463,10000,0
Heap,100000,537,16779,159.16979999747127,10000,0
Heap,100000,538,60725,158.5272999946028,10000,0
Heap,100000,539,74793,158.45489999628626,10000,0
Heap,100000,540,11454,157.04949999053497,10000,0
Heap,100000,541,81931,160.1446999993641,10000,0
Heap,100000,542,96473,157.55629999330267,10000,0
Heap,100000,543,10810,162.16330000315793,10000,0
Heap,100000,544,2568,167.20149999309797,10000,0
Heap,100000,545,31196,160.0276999961352,10000,0
Heap,100000,546,67735,161.72889999870677,10000,0
Heap,100000,547,95818,163.03049999987707,10000,0
Heap,100000,548,39666,164.33350001170766,10000,0
Heap,100000,549,71502,159.87619999214076,10000,0
Heap,100000,550,7600,158.4407999907853,10000,0
Heap,100000,551,69062,159.12920000846498,10000,0
Heap,100000,552,62725,157.0596000092337,10000,0
Heap,100000,553,10191,158.18479999143165,10000,0
Heap,100000,554,77249,159.58859999955166,10000,0
Heap,100000,555,85030,162.85180000704713,10000,0
Heap,100000,556,60042,162.4415999976918,10000,0
Heap,100000,557,12106,161.13599999516737,10000,0
Heap,100000,558,98385,164.60869999718852,10000,0
Heap,100000,559,78264,164.97510000772309,10000,0
Heap,100000,560,34721,166.64609999861568,10000,0
Heap,100000,561,42838,166.89229999610689,10000,0
Heap,100000,562,37058,158.79539999878034,10000,0
Heap,100000,563,50597,159.77670000575017,10000,0
Heap,100000,564,34124,157.70499999052845,10000,0
Heap,100000,565,84958,157.43730000394862,10000,0
Heap,100000,566,82234,158.55029999511316,10000,0
Heap,100000,567,10554,163.24019999592565,10000,0
Heap,100000,568,96079,158.79370000038762,10000,0
Heap,100000,569,63559,159.350900008576,10000,0
Heap,100000,570,82871,168.90470001089852,10000,0
Heap,100000,571,70731,158.41139999974985,10000,0
Heap,100000,572,43549,159.51559999666642,10000,0
Heap,100000,573,73380,157.90289999858942,10000,0
Heap,100000,574,96548,159.97849999985192,10000,0
Heap,100000,575,27009,158.65879999182653,10000,0
Heap,100000,576,80820,164.55519999726675,10000,0
Heap,100000,577,53818,162.12609999638516,10000,0
Heap,100000,578,48350,159.0410999924643,10000,0
Heap,100000,579,43558,162.70920001261402,10000,0
Heap,100000,580,73103,158.425100002205,10000,0
Heap,100000,581,26840,158.2810999971116,10000,0
Heap,100000,582,85172,159.96449999511242,10000,0
Heap,100000,583,83074,158.4617999906186,10000,0
Heap,100000,584,8667,161.49210000003222,10000,0
Heap,100000,585,88164,157.12940000230446,10000,0
Heap,100000,586,24387,160.5202999926405,10000,0
Heap,100000,587,46471,160.65420000813901,10000,0
Heap,100000,588,61034,158.35479999077506,10000,0
Heap,100000,589,37899,159.7697999968659,10000,0
Heap,100000,590,2870,160.92110000317916,10000,0
Heap,100000,591,85096,159.73440000379924,10000,0
Heap,100000,592,18184,161.36340000957716,10000,0
Heap,100000,593,21212,167.34900001029018,10000,0
Heap,100000,594,79784,159.34560001187492,10000,0
Heap,100000,595,34034,157.64649999618996,10000,0
Heap,100000,596,88032,159.84449999814387,10000,0
Heap,100000,597,70119,160.45509999094065,10000,0
Heap,100000,598,27627,158.75600000435952,10000,0
Heap,100000,599,1016,159.01689999736845,10000,0
Heap,100000,600,94807,159.6706999989692,10000,0
Heap,100000,601,8562,158.56669998902362,10000,0
Heap,100000,602,72008,157.82380000746343,10000,0
Heap,100000,603,48858,163.41490000195336,10000,0
Heap,100000,604,75817,161.04489999997895,10000,0
Heap,100000,605,69061,158.73460000148043,10000,0
Heap,100000,606,64591,158.05149999505375,10000,0
Heap,100000,607,49083,160.86770000401884,10000,0
Heap,100000,608,79294,159.19069999654312,10000,0
Heap,100000,609,9306,171.01289999845903,10000,0
Heap,100000,610,22160,159.54740000597667,10000,0
Heap,100000,611,69179,159.5454000052996,10000,0
Heap,100000,612,30621,157.82399999443442,10000,0
Heap,100000,613,58156,157.68439999374095,10000,0
Heap,100000,614,47327,159.51969999878202,10000,0
Heap,100000,615,53093,158.0491000058828,10000,0
Heap,100000,616,42551,159.3029000068782,10000,0
Heap,100000,617,74594,160.37079998932313,10000,0
Heap,100000,618,33080,158.13879999041092,10000,0
Heap,100000,619,70286,161.65010000986513,10000,0
Heap,100000,620,27092,158.5973000037484,10000,0
Heap,100000,621,25141,161.764000004041,10000,0
Heap,100000,622,12066,157.9191000055289,10000,0
Heap,100000,623,19259,158.11109999776818,10000,0
Heap,100000,624,11956,161.86560000642203,10000,0
Heap,100000,625,53587,157.72889999789186,10000,0
Heap,100000,626,76219,158.97650000988506,10000,0
Heap,100000,627,18515,159.3018999992637,10000,0
Heap,100000,628,21639,163.1329999945592,10000,0
Heap,100000,629,48420,160.0351000088267,10000,0
Heap,100000,630,72459,158.79109999514185,10000,0
Heap,100000,631,97661,158.74040000198875,10000,0
Heap,100000,632,52464,157.75940001185518,10000,0
Heap,100000,633,28300,159.73400000075344,10000,0
Heap,100000,634,10053,160.8280999935232,10000,0
Heap,100000,635,19412,158.0104000022402,10000,0
Heap,100000,636,22749,161.0413000016706,10000,0
Heap,100000,637,17945,161.8878000008408,10000,0
Heap,100000,638,1415,158.97689999837894,10000,0
Heap,100000,639,53414,160.04699999757577,10000,0
Heap,100000,640,27432,158.50530000170693,10000,0
Heap,100000,641,97430,160.26469999633264,10000,0
Heap,100000,642,55336,160.3443000058178,10000,0
Heap,100000,643,69742,158.91699999338016,10000,0
Heap,100000,644,12628,157.99890000198502,10000,0
Heap,100000,645,86847,160.73239999241196,10000,0
Heap,100000,646,49088,162.95379999792203,10000,0
Heap,100000,647,87272,158.33329998713452,10000,0
Heap,100000,648,57407,158.33399999246467,10000,0
Heap,100000,649,46940,160.17020000435878,10000,0
Heap,100000,650,44047,160.06650000053924,10000,0
Heap,100000,651,18437,161.67750000022352,10000,0
Heap,100000,652,5138,160.38630000548437,10000,0
Heap,100000,653,94107,165.42849999677856,10000,0
Heap,100000,654,47773,163.64310000790283,10000,0
Heap,100000,655,82212,165.56179999315646,10000,0
Heap,100000,656,40071,160.24369999649934,10000,0
Heap,100000,657,7409,160.43670001090504,10000,0
Heap,100000,658,62945,158.29410000878852,10000,0
Heap,100000,659,5361,162.11910000129137,10000,0
Heap,100000,660,14920,162.50020000734366,10000,0
Heap,100000,661,56284,165.4943000030471,10000,0
Heap,100000,662,30384,161.66030000022147,10000,0
Heap,100000,663,99392,165.9827999974368,10000,0
Heap,100000,664,11846,168.92849998839665,10000,0
Heap,100000,665,76445,164.5107999938773,10000,0
Heap,100000,666,60632,170.05850000714418,10000,0
Heap,100000,667,79075,160.7596999965608,10000,0
Heap,100000,668,22569,158.1778999970993,10000,0
Heap,100000,669,52258,159.77919999568257,10000,0
Heap,100000,670,45052,162.44299999380019,10000,0
Heap,100000,671,44273,163.55070000281557,10000,0
Heap,100000,672,86017,163.84190000826493,10000,0
Heap,100000,673,99004,158.61470000527333,10000,0
Heap,100000,674,30539,161.4077999984147,10000,0
Heap,100000,675,62103,159.32139998767525,10000,0
Heap,100000,676,60964,159.36759999021888,10000,0
Heap,100000,677,74009,159.28140000323765,10000,0
Heap,100000,678,94760,158.51629999815486,10000,0
Heap,100000,679,20779,164.08709999814164,10000,0
Heap,100000,680,21103,158.0581999878632,10000,0
Heap,100000,681,66043,158.36570000101347,10000,0
Heap,100000,682,15706,160.75249999994412,10000,0
Heap,100000,683,17382,158.87479999219067,10000,0
Heap,100000,684,7507,158.0149000074016,10000,0
Heap,100000,685,268,160.05340000265278,10000,0
Heap,100000,686,45051,159.19320000102744,10000,0
Heap,100000,687,59382,158.79560000030324,10000,0
Heap,100000,688,29126,156.76840000378434,10000,0
Heap,100000,689,23148,158.63520000129938,10000,0
Heap,100000,690,70696,159.8880000092322,10000,0
Heap,100000,691,70299,162.05359999730717,10000,0
Heap,100000,692,45404,158.49859999434557,10000,0
Heap,100000,693,68739,160.33719999541063,10000,0
Heap,100000,694,92392,158.9877000078559,10000,0
Heap,100000,695,78783,158.6682000051951,10000,0
Heap,100000,696,62506,159.6025000035297,10000,0
Heap,100000,697,66119,159.67860000091605,10000,0
Heap,100000,698,93367,159.25789999892004,10000,0
Heap,100000,699,42514,160.15509999124333,10000,0
Heap,100000,700,54457,159.76080000109505,10000,0
Heap,100000,701,64764,163.06340000301134,10000,0
Heap,100000,702,90842,169.11849999451078,10000,0
Heap,100000,703,82664,162.22820000257343,10000,0
Heap,100000,704,7141,160.17339999962132,10000,0
Heap,100000,705,16593,162.05100000661332,10000,0
Heap,100000,706,30762,161.9178999972064,10000,0
Heap,100000,707,74896,162.4658999935491,10000,0
Heap,100000,708,56921,164.94689999672119,10000,0
Heap,100000,709,28862,161.88400000100955,10000,0
Heap,100000,710,12436,165.63060000771657,10000,0
Heap,100000,711,68868,159.84399999433663,10000,0
Heap,100000,712,69974,162.76020000805147,10000,0
Heap,100000,713,94268,159.0845999890007,10000,0
Heap,100000,714,50048,158.7380000128178,10000,0
Heap,100000,715,49380,159.96520000044256,10000,0
Heap,100000,716,8045,160.29709999565966,10000,0
Heap,100000,717,3987,167.2924000013154,10000,0
Heap,100000,718,43203,169.2040000052657,10000,0
Heap,100000,719,32233,169.3505000002915,10000,0
Heap,100000,720,25037,164.90689999773167,10000,0
Heap,100000,721,9133,163.9398999977857,10000,0
Heap,100000,722,96192,163.42850000364706,10000,0
Heap,100000,723,83596,161.92249998857733,10000,0
Heap,100000,724,57520,161.54409998853225,10000,0
Heap,100000,725,95079,161.73849999904633,10000,0
Heap,100000,726,99958,161.75030000158586,10000,0
Heap,100000,727,67229,160.0542999949539,10000,0
Heap,100000,728,26952,160.89640000427607,10000,0
Heap,100000,729,4024,161.77289999905042,10000,0
Heap,100000,730,75627,159.43299999344163,10000,0
Heap,100000,731,47051,160.19860000233166,10000,0
Heap,100000,732,65151,158.64579999470152,10000,0
Heap,100000,733,91608,159.1245000017807,10000,0
Heap,100000,734,18149,158.14549999777228,10000,0
Heap,100000,735,58533,160.4720999894198,10000,0
Heap,100000,736,63479,159.22190000128467,10000,0
Heap,100000,737,49173,158.0002999980934,10000,0
Heap,100000,738,9125,158.33059999567922,10000,0
Heap,100000,739,34797,160.37759999744594,10000,0
Heap,100000,740,33331,159.0064999909373,10000,0
Heap,100000,741,67014,159.89700000500306,10000,0
Heap,100000,742,85774,160.42070000548847,10000,0
Heap,100000,743,32981,159.3418999982532,10000,0
Heap,100000,744,69368,160.23150000546593,10000,0
Heap,100000,745,28822,158.51439999823924,10000,0
Heap,100000,746,94520,158.2775999995647,10000,0
Heap,100000,747,81357,162.79829999257345,10000,0
Heap,100000,748,55010,159.2365999968024,10000,0
Heap,100000,749,45483,159.67510000336915,10000,0
Heap,100000,750,31452,160.91079999750946,10000,0
Heap,100000,751,32328,158.63859999808483,10000,0
Heap,100000,752,97019,159.97849999985192,10000,0
Heap,100000,753,40418,156.8868000031216,10000,0
Heap,100000,754,51460,159.0515999996569,10000,0
Heap,100000,755,98812,163.05790000478737,10000,0
Heap,100000,756,65767,158.1551999988733,10000,0
Heap,100000,757,54260,158.19859999464825,10000,0
Heap,100000,758,41325,158.40190000017174,10000,0
Heap,100000,759,18759,160.499699995853,10000,0
Heap,100000,760,36178,159.98469998885412,10000,0
Heap,100000,761,75645,159.05740000016522,10000,0
Heap,100000,762,62541,160.01219999452587,10000,0
Heap,100000,763,76000,161.09150000556838,10000,0
Heap,100000,764,20356,159.42060000088532,10000,0
Heap,100000,765,54922,158.4659000072861,10000,0
Heap,100000,766,92768,157.37369999988005,10000,0
Heap,100000,767,43812,158.78899999370333,10000,0
Heap,100000,768,69826,160.12979998777155,10000,0
Heap,100000,769,12143,161.8118000042159,10000,0
Heap,100000,770,97315,158.58709999884013,10000,0
Heap,100000,771,60888,158.84340000047814,10000,0
Heap,100000,772,23930,162.45110001182184,10000,0
Heap,100000,773,15838,159.0855999966152,10000,0
Heap,100000,774,55084,158.18319999380037,10000,0
Heap,100000,775,55226,158.52979999908712,10000,0
Heap,100000,776,9321,159.72639998653904,10000,0
Heap,100000,777,99226,159.4535000040196,10000,0
Heap,100000,778,91293,160.58219999831636,10000,0
Heap,100000,779,46145,159.1606000001775,10000,0
Heap,100000,780,11747,159.5579999993788,10000,0
Heap,100000,781,83215,159.32399999292102,10000,0
Heap,100000,782,49838,160.03579999960493,10000,0
Heap,100000,783,71661,161.4668999973219,10000,0
Heap,100000,784,50888,160.4966000013519,10000,0
Heap,100000,785,27343,160.93740001088008,10000,0
Heap,100000,786,83473,159.42959999665618,10000,0
Heap,100000,787,98025,157.50760000082664,10000,0
Heap,100000,788,24374,159.7087999980431,10000,0
Heap,100000,789,55127,159.61479999532457,10000,0
Heap,100000,790,38359,159.0796000091359,10000,0
Heap,100000,791,92187,161.22819999873172,10000,0
Heap,100000,792,50825,159.42670000367798,10000,0
Heap,100000,793,87933,162.405499999295,10000,0
Heap,100000,794,86403,159.6381000126712,10000,0
Heap,100000,795,27625,159.53479999734554,10000,0
Heap,100000,796,79001,159.01950000261422,10000,0
Heap,100000,797,41495,160.49280000152066,10000,0
Heap,100000,798,93425,158.65659998962656,10000,0
Heap,100000,799,50774,160.49819999898318,10000,0
Heap,100000,800,82055,162.5163000135217,10000,0
Heap,100000,801,28284,159.6064000041224,10000,0
Heap,100000,802,29856,159.72559999499936,10000,0
Heap,100000,803,58694,160.79010000976268,10000,0
Heap,100000,804,99891,161.71449999092147,10000,0
Heap,100000,805,48965,159.25599999900442,10000,0
Heap,100000,806,14860,160.32799999811687,10000,0
Heap,100000,807,53859,159.7975999902701,10000,0
Heap,100000,808,34513,159.45179999107495,10000,0
Heap,100000,809,55192,163.61410000536125,10000,0
Heap,100000,810,54344,157.69140000338666,10000,0
Heap,100000,811,45535,158.7780000118073,10000,0
Heap,100000,812,32178,159.70829999423586,10000,0
Heap,100000,813,18866,158.1170999997994,10000,0
Heap,100000,814,69750,160.5507999920519,10000,0
Heap,100000,815,57180,158.34759999415837,10000,0
Heap,100000,816,23357,160.50630000245292,10000,0
Heap,100000,817,77555,158.763600004022,10000,0
Heap,100000,818,4365,162.38939999311697,10000,0
Heap,100000,819,74471,161.8529999977909,10000,0
Heap,100000,820,70523,160.53509998891968,10000,0
Heap,100000,821,81141,159.30020000087097,10000,0
Heap,100000,822,38608,158.91430000192486,10000,0
Heap,100000,823,66369,160.61350000381935,10000,0
Heap,100000,824,82075,160.15470000274945,10000,0
Heap,100000,825,98082,160.7532999914838,10000,0
Heap,100000,826,49533,160.22029999294318,10000,0
Heap,100000,827,3702,165.50280000956263,10000,0
Heap,100000,828,50230,160.50080000422895,10000,0
Heap,100000,829,59019,159.07390000938904,10000,0
Heap,100000,830,86971,160.0254000077257,10000,0
Heap,100000,831,87420,159.79540000262205,10000,0
Heap,100000,832,44031,162.99829998752102,10000,0
Heap,100000,833,52596,159.22439999121707,10000,0
Heap,100000,834,45693,159.1752000094857,10000,0
Heap,100000,835,72245,167.2961000003852,10000,0
Heap,100000,836,40998,162.86280000349507,10000,0
Heap,100000,837,65479,159.95390000171028,10000,0
Heap,100000,838,15437,157.70700000575744,10000,0
Heap,100000,839,46950,157.72829999332316,10000,0
Heap,100000,840,96921,158.41289999661967,10000,0
Heap,100000,841,33857,157.97879999445286,10000,0
Heap,100000,842,69271,156.68669999286067,10000,0
Heap,100000,843,64984,162.71140000026207,10000,0
Heap,100000,844,85177,159.16789999755565,10000,0
Heap,100000,845,85235,159.02859999914654,10000,0
Heap,100000,846,85935,158.60900000552647,10000,0
Heap,100000,847,38001,160.821900004521,10000,0
Heap,100000,848,31667,160.26620000775438,10000,0
Heap,100000,849,71872,157.66279998933896,10000,0
Heap,100000,850,75941,159.4936999899801,10000,0
Heap,100000,851,87239,157.09990001050755,10000,0
Heap,100000,852,3590,158.15469999506604,10000,0
Heap,100000,853,6843,157.41220000199974,10000,0
Heap,100000,854,63117,158.3740000060061,10000,0
Heap,100000,855,92093,158.9483999996446,10000,0
Heap,100000,856,99743,157.77669999806676,10000,0
Heap,100000,857,74677,160.58770001109224,10000,0
Heap,100000,858,43398,158.21719999075867,10000,0
Heap,100000,859,9845,158.50909998698626,10000,0
Heap,100000,860,63375,158.07710000080988,10000,0
Heap,100000,861,87258,161.19810000236612,10000,0
Heap,100000,862,44368,158.14909999608062,10000,0
Heap,100000,863,69401,157.73769999213982,10000,0
Heap,100000,864,90343,159.7053000004962,10000,0
Heap,100000,865,4600,158.5649999906309,10000,0
Heap,100000,866,79615,158.8186000008136,10000,0
Heap,100000,867,29337,166.69610000099055,10000,0
Heap,100000,868,37485,163.77889999421313,10000,0
Heap,100000,869,14557,155.90849998989142,10000,0
Heap,100000,870,53117,158.5219000116922,10000,0
Heap,100000,871,56593,157.913599992753,10000,0
Heap,100000,872,79252,156.60890001163352,10000,0
Heap,100000,873,16999,160.64529999857768,10000,0
Heap,100000,874,7897,161.5491000120528,10000,0
Heap,100000,875,87084,158.73319999082014,10000,0
Heap,100000,876,61972,159.97340000467375,10000,0
Heap,100000,877,24083,157.44640000048093,10000,0
Heap,100000,878,91283,158.37330000067595,10000,0
Heap,100000,879,14312,158.4010000078706,10000,0
Heap,100000,880,46115,160.27629999734927,10000,0
Heap,100000,881,25398,165.39280000142753,10000,0
Heap,100000,882,25533,162.74990000238176,10000,0
Heap,100000,883,940,167.60710001108237,10000,0
Heap,100000,884,80464,172.52759999246337,10000,0
Heap,100000,885,90121,173.1380999990506,10000,0
Heap,100000,886,67762,171.28260000026785,10000,0
Heap,100000,887,15798,167.62609999568667,10000,0
Heap,100000,888,44173,166.30090000398923,10000,0
Heap,100000,889,34557,169.84889999730512,10000,0
Heap,100000,890,58758,170.2796000026865,10000,0
Heap,100000,891,63894,168.552399991313,10000,0
Heap,100000,892,42431,167.62420001032297,10000,0
Heap,100000,893,25010,169.22019999765325,10000,0
Heap,100000,894,84531,173.89140000159387,10000,0
Heap,100000,895,19922,169.63779999059625,10000,0
Heap,100000,896,38470,171.74759999033995,10000,0
Heap,100000,897,48321,187.0822000055341,10000,0
Heap,100000,898,23721,178.82749999989755,10000,0
Heap,100000,899,57193,163.7407000089297,10000,0
Heap,100000,900,57482,166.75319999922067,10000,0
Heap,100000,901,99270,163.47319999476895,10000,0
Heap,100000,902,29524,162.980900000548,10000,0
Heap,100000,903,97795,165.3886000131024,10000,0
Heap,100000,904,65823,164.7386000113329,10000,0
Heap,100000,905,27449,166.14030000346247,10000,0
Heap,100000,906,56593,162.5960999954259,10000,0
Heap,100000,907,68580,163.00509999564383,10000,0
Heap,100000,908,74467,164.334000000963,10000,0
Heap,100000,909,4905,161.17160000430886,10000,0
Heap,100000,910,60641,166.78759999922477,10000,0
Heap,100000,911,49673,162.7347000030568,10000,0
Heap,100000,912,90416,171.12060000363272,10000,0
Heap,100000,913,28620,169.07990000618156,10000,0
Heap,100000,914,79887,162.4213999893982,10000,0
Heap,100000,915,60707,168.91059999761637,10000,0
Heap,100000,916,35233,169.7660000063479,10000,0
Heap,100000,917,63662,162.10259999206755,10000,0
Heap,100000,918,62090,163.2248000096297,10000,0
Heap,100000,919,67777,163.9081999892369,10000,0
Heap,100000,920,72093,161.85579999000765,10000,0
Heap,100000,921,65919,169.9198999995133,10000,0
Heap,100000,922,83834,162.72190000745468,10000,0
Heap,100000,923,62825,164.73449999466538,10000,0
Heap,100000,924,90341,157.94150000147056,10000,0
Heap,100000,925,64635,163.4151999896858,10000,0
Heap,100000,926,30894,160.08139999757987,10000,0
Heap,100000,927,44083,159.6824000007473,10000,0
Heap,100000,928,57958,160.53519998968113,10000,0
Heap,100000,929,73236,160.98850000707898,10000,0
Heap,100000,930,9014,158.5828999959631,10000,0
Heap,100000,931,29512,161.97780000220519,10000,0
Heap,100000,932,74749,160.86839999479707,10000,0
Heap,100000,933,17565,158.7844000023324,10000,0
Heap,100000,934,13216,160.07620000164025,10000,0
Heap,100000,935,53941,159.35329999774694,10000,0
Heap,100000,936,97149,159.27879999799188,10000,0
Heap,100000,937,53086,159.67280000040773,10000,0
Heap,100000,938,91349,160.74599999410566,10000,0
Heap,100000,939,83048,158.52710000763182,10000,0
Heap,100000,940,25698,158.40030000254046,10000,0
Heap,100000,941,82469,158.59849999833386,10000,0
Heap,100000,942,48185,159.53210000589024,10000,0
Heap,100000,943,80649,156.33369999704883,10000,0
Heap,100000,944,74656,157.86710000247695,10000,0
Heap,100000,945,33872,161.3766999944346,10000,0
Heap,100000,946,11517,173.43160000746138,10000,0
Heap,100000,947,96290,167.28760000842158,10000,0
Heap,100000,948,14076,166.61909999675117,10000,0
Heap,100000,949,96651,160.03189999901224,10000,0
Heap,100000,950,86015,162.24389999115374,10000,0
Heap,100000,951,72422,158.60819999943487,10000,0
Heap,100000,952,97995,164.85560000000987,10000,0
Heap,100000,953,96727,158.14440000394825,10000,0
Heap,100000,954,80459,162.88540000095963,10000,0
Heap,100000,955,36578,159.81050000118557,10000,0
Heap,100000,956,79069,162.1247000002768,10000,0
Heap,100000,957,1392,163.69410000334028,10000,0
Heap,100000,958,53658,160.6925000087358,10000,0
Heap,100000,959,45479,159.5072999916738,10000,0
Heap,100000,960,67283,160.394799997448,10000,0
Heap,100000,961,67235,159.41449999809265,10000,0
Heap,100000,962,58457,165.90720000385772,10000,0
Heap,100000,963,82242,158.8119999942137,10000,0
Heap,100000,964,94030,157.48110000276938,10000,0
Heap,100000,965,10835,164.80150001007132,10000,0
Heap,100000,966,23383,158.74790000088979,10000,0
Heap,100000,967,2503,161.236399988411,10000,0
Heap,100000,968,88424,159.37370000756346,10000,0
Heap,100000,969,56141,157.61940000811592,10000,0
Heap,100000,970,91526,158.75560000131372,10000,0
Heap,100000,971,22137,160.23300000233576,10000,0
Heap,100000,972,6322,160.27269999904092,10000,0
Heap,100000,973,82386,159.60430000268389,10000,0
Heap,100000,974,90939,157.50129999651108,10000,0
Heap,100000,975,30220,164.16149999713525,10000,0
Heap,100000,976,40830,161.70779999811202,10000,0
Heap,100000,977,13978,159.39720001188107,10000,0
Heap,100000,978,94627,158.5343000042485,10000,0
Heap,100000,979,30437,166.003999998793,10000,0
Heap,100000,980,49263,162.000900003477,10000,0
Heap,100000,981,9720,161.58890000951942,10000,0
Heap,100000,982,88726,173.03209999226965,10000,0
Heap,100000,983,13567,167.77209998690523,10000,0
Heap,100000,984,45365,160.08630000578705,10000,0
Heap,100000,985,67049,160.9623999975156,10000,0
Heap,100000,986,74315,160.9943000075873,10000,0
Heap,100000,987,94598,158.0375999910757,10000,0
Heap,100000,988,41913,160.5563000048278,10000,0
Heap,100000,989,74227,158.3756999898469,10000,0
Heap,100000,990,15453,158.38819999771658,10000,0
Heap,100000,991,41489,158.5421000054339,10000,0
Heap,100000,992,9903,167.37730000750162,10000,0
Heap,100000,993,48935,160.10459999961313,10000,0
Heap,100000,994,40812,157.49240000150166,10000,0
Heap,100000,995,95153,162.66360000008717,10000,0
Heap,100000,996,3272,158.65230000053998,10000,0
Heap,100000,997,37053,158.89219999371562,10000,0
Heap,100000,998,44339,159.46809999877587,10000,0
Heap,100000,999,95056,157.24629999022,10000,0
Heap,100000,1000,85546,160.12350001255982,10000,0
Sequential,100000,1,63943,0.262100002146326,15,0
Sequential,100000,2,2502,0.20680000307038426,15,0
Sequential,100000,3,27503,0.20880000374745578,16,0
Sequential,100000,4,22322,0.18699999782256782,15,0
Sequential,100000,5,73648,0.18230000569019467,15,0
Sequential,100000,6,67670,0.16379999578930438,14,0
Sequential,100000,7,89218,0.17829998978413641,15,0
Sequential,100000,8,8694,0.2032000047620386,16,0
Sequential,100000,9,42193,0.3159000043524429,15,0
Sequential,100000,10,2980,0.1821999903768301,15,0
Sequential,100000,11,21864,0.1762000028975308,14,0
Sequential,100000,12,50536,0.32140000257641077,15,0
Sequential,100000,13,2654,0.1748000067891553,15,0
Sequential,100000,14,19884,0.17690000822767615,15,0
Sequential,100000,15,64989,0.18139999883715063,15,0
Sequential,100000,16,54495,0.19209999300073832,16,0
Sequential,100000,17,22045,0.1799000019673258,15,0
Sequential,100000,18,58927,0.1762999891070649,14,0
Sequential,100000,19,80944,0.20029999723192304,15,0
Sequential,100000,20,650,0.1779000012902543,15,0
Sequential,100000,21,80582,0.1770999951986596,15,0
Sequential,100000,22,69814,0.18869999621529132,15,0
Sequential,100000,23,34026,0.18470000941306353,14,0
Sequential,100000,24,15548,0.18180000188294798,15,0
Sequential,100000,25,95722,0.18799999088514596,15,0
Sequential,100000,26,33660,0.1812999980757013,15,0
Sequential,100000,27,9275,0.20179999410174787,16,0
Sequential,100000,28,9672,0.1934000028995797,15,0
Sequential,100000,29,84750,0.18659999477677047,15,0
Sequential,100000,30,60373,0.18170000112149864,15,0
Sequential,100000,31,80713,0.1784999913070351,14,0
Sequential,100000,32,72974,0.185500000952743,15,0
Sequential,100000,33,53623,0.1922000083141029,15,0
Sequential,100000,34,97312,0.19370000518392771,14,0
Sequential,100000,35,37854,0.2536000101827085,15,0
Sequential,100000,36,55205,0.2420999953756109,15,0
Sequential,100000,37,82941,0.20709999080281705,15,0
Sequential,100000,38,61852,0.4377000004751608,16,0
Sequential,100000,39,86171,0.20199999562464654,15,0
Sequential,100000,40,57736,0.24330000451300293,16,0
Sequential,100000,41,70458,0.3360999980941415,15,0
Sequential,100000,42,4583,0.3133999998681247,14,0
Sequential,100000,43,22790,0.24099998699966818,14,0
Sequential,100000,44,28939,0.26869999419432133,14,0
Sequential,100000,45,7980,0.36099999852012843,16,0
Sequential,100000,46,23280,0.21850000484846532,14,0
Sequential,100000,47,10101,0.21630000264849514,16,0
Sequential,100000,48,27798,0.19710000196937472,15,0
Sequential,100000,49,63569,0.22280000848695636,14,0
Sequential,100000,50,36484,0.26330001128371805,16,0
Sequential,100000,51,37019,0.22300001000985503,15,0
Sequential,100000,52,20951,0.19800000882241875,16,0
Sequential,100000,53,26698,0.19079999765381217,15,0
Sequential,100000,54,93666,0.18449999333824962,15,0
Sequential,100000,55,64804,0.34919999598059803,15,0
Sequential,100000,56,60914,0.19469999824650586,16,0
Sequential,100000,57,17114,0.18139999883715063,15,0
Sequential,100000,58,72913,0.18000000272877514,15,0
Sequential,100000,59,16341,0.1632999919820577,14,0
Sequential,100000,60,37946,0.18139999883715063,15,0
Sequential,100000,61,98953,0.17810000281315297,15,0
Sequential,100000,62,64000,0.1753999968059361,15,0
Sequential,100000,63,55695,0.17759999900590628,15,0
Sequential,100000,64,68462,0.1843999925768003,15,0
Sequential,100000,65,84286,0.3031999949598685,15,0
Sequential,100000,66,77600,0.18229999113827944,15,0
Sequential,100000,67,22905,0.18489999638404697,15,0
Sequential,100000,68,3211,0.20700000459328294,14,0
Sequential,100000,69,31546,0.2862000110326335,15,0
Sequential,100000,70,26775,0.19890000112354755,16,0
Sequential,100000,71,21099,0.18720001389738172,15,0
Sequential,100000,72,94291,0.18390000332146883,15,0
Sequential,100000,73,87637,0.264899994363077,15,0
Sequential,100000,74,31468,0.19710000196937472,15,0
Sequential,100000,75,65544,0.18260000797454268,15,0
Sequential,100000,76,39564,0.20090000180061907,16,0
Sequential,100000,77,91455,0.19409999367780983,15,0
Sequential,100000,78,45886,0.1664000010350719,14,0
Sequential,100000,79,26489,0.1753999968059361,15,0
Sequential,100000,80,24663,0.1799000019673258,15,0
Sequential,100000,81,56137,0.1799000019673258,15,0
Sequential,100000,82,26275,0.17670000670477748,15,0
Sequential,100000,83,58459,0.17699999443721026,15,0
Sequential,100000,84,89783,0.1762999891070649,15,0
Sequential,100000,85,39941,0.1795999996829778,15,0
Sequential,100000,86,21933,0.17579999985173345,15,0
Sequential,100000,87,99754,0.18029999046120793,15,0
Sequential,100000,88,50953,0.1883999939309433,16,0
Sequential,100000,89,9091,0.17889999435283244,15,0
Sequential,100000,90,4712,0.1773999974830076,15,0
Sequential,100000,91,10965,0.18020000425167382,15,0
Sequential,100000,92,62745,0.17910001042764634,15,0
Sequential,100000,93,79208,0.1880000054370612,15,0
Sequential,100000,94,42216,0.1750999945215881,15,0
Sequential,100000,95,6353,0.1753999968059361,15,0
Sequential,100000,96,38162,0.17590000061318278,15,0
Sequential,100000,97,99613,0.16160000814124942,14,0
Sequential,100000,98,52912,0.18909999926108867,15,0
Sequential,100000,99,97108,0.1841000048443675,15,0
Sequential,100000,100,86078,0.18810000619851053,15,0
Sequential,100000,101,1149,0.19180000526830554,15,0
Sequential,100000,102,72073,0.18470000941306353,15,0
Sequential,100000,103,68172,0.18980000459123403,15,0
Sequential,100000,104,53698,0.17449998995289207,14,0
Sequential,100000,105,26683,0.1883999939309433,15,0
Sequential,100000,106,64097,0.1942999952007085,15,0
Sequential,100000,107,11156,0.17810000281315297,15,0
Sequential,100000,108,43477,0.19260001135990024,16,0
Sequential,100000,109,45373,0.17810000281315297,15,0
Sequential,100000,110,95382,0.19279999833088368,16,0
Sequential,100000,111,87586,0.1770000089891255,15,0
Sequential,100000,112,26339,0.17340001068077981,15,0
Sequential,100000,113,50059,0.18540000019129366,15,0
Sequential,100000,114,17866,0.18429999181535095,15,0
Sequential,100000,115,91263,0.19839999731630087,15,0
Sequential,100000,116,87052,0.22419999004341662,16,0
Sequential,100000,117,29845,0.2013000048464164,15,0
Sequential,100000,118,63895,0.1807999942684546,15,0
Sequential,100000,119,60898,0.18869999621529132,15,0
Sequential,100000,120,15284,0.18820000695995986,15,0
Sequential,100000,121,76252,0.18360000103712082,15,0
Sequential,100000,122,53938,0.19209999300073832,15,0
Sequential,100000,123,77863,0.18570000247564167,15,0
Sequential,100000,124,53036,0.17970000044442713,15,0
Sequential,100000,125,58,0.18360000103712082,15,0
Sequential,100000,126,32416,0.17529999604448676,14,0
Sequential,100000,127,1948,0.17579999985173345,15,0
Sequential,100000,128,92910,0.17430000298190862,15,0
Sequential,100000,129,87873,0.1787999935913831,15,0
Sequential,100000,130,83167,0.20229999790899456,16,0
Sequential,100000,131,30752,0.1731000083964318,14,0
Sequential,100000,132,5793,0.18990000535268337,15,0
Sequential,100000,133,87801,0.20140000560786575,16,0
Sequential,100000,134,94695,0.19239999528508633,15,0
Sequential,100000,135,8566,0.18009998893830925,15,0
Sequential,100000,136,48600,0.18459999409969896,15,0
Sequential,100000,137,6922,0.16989999858196825,14,0
Sequential,100000,138,76061,0.1765999913914129,15,0
Sequential,100000,139,76584,0.16330000653397292,14,0
Sequential,100000,140,12840,0.17559999832883477,15,0
Sequential,100000,141,47529,0.18950000230688602,15,0
Sequential,100000,142,54981,0.17100000695791095,15,0
Sequential,100000,143,26506,0.16899999172892421,14,0
Sequential,100000,144,87244,0.19279999833088368,15,0
Sequential,100000,145,42314,0.17529999604448676,15,0
Sequential,100000,146,21180,0.17050000315066427,14,0
Sequential,100000,147,53930,0.17519999528303742,15,0
Sequential,100000,148,72994,0.1694999955361709,14,0
Sequential,100000,149,20116,0.1767999929143116,15,0
Sequential,100000,150,31172,0.17590000061318278,15,0
Sequential,100000,151,99515,0.16759999562054873,14,0
Sequential,100000,152,64988,0.18869999621529132,15,0
Sequential,100000,153,43811,0.17809998826123774,15,0
Sequential,100000,154,51758,0.1976000057766214,16,0
Sequential,100000,155,12101,0.16769999638199806,14,0
Sequential,100000,156,22470,0.19530000281520188,16,0
Sequential,100000,157,33809,0.18829999316949397,15,0
Sequential,100000,158,58831,0.1691999932518229,14,0
Sequential,100000,159,23012,0.1801999896997586,15,0
Sequential,100000,160,22022,0.19580000662244856,16,0
Sequential,100000,161,7100,0.22190000163391232,15,0
Sequential,100000,162,63111,0.1807999942684546,15,0
Sequential,100000,163,22895,0.18819999240804464,15,0
Sequential,100000,164,90543,0.18689999706111848,15,0
Sequential,100000,165,85964,0.1942999952007085,15,0
Sequential,100000,166,7086,0.18170000112149864,15,0
Sequential,100000,167,23801,0.182100004167296,15,0
Sequential,100000,168,66898,0.18560000171419233,15,0
Sequential,100000,169,21424,0.16830000095069408,14,0
Sequential,100000,170,13232,0.17829998978413641,15,0
Sequential,100000,171,93552,0.18440000712871552,15,0
Sequential,100000,172,57105,0.1795999996829778,15,0
Sequential,100000,173,47268,0.18059999274555594,15,0
Sequential,100000,174,78462,0.17519999528303742,14,0
Sequential,100000,175,80750,0.3865000035148114,15,0
Sequential,100000,176,19041,0.19509998674038798,15,0
Sequential,100000,177,9694,0.1838000025600195,15,0
Sequential,100000,178,43106,0.2018000086536631,16,0
Sequential,100000,179,42358,0.17589998606126755,15,0
Sequential,100000,180,46703,0.1883999939309433,15,0
Sequential,100000,181,72908,0.17889999435283244,15,0
Sequential,100000,182,67337,0.17630000365898013,15,0
Sequential,100000,183,98417,0.1756999990902841,15,0
Sequential,100000,184,9842,0.19180000526830554,16,0
Sequential,100000,185,40263,0.18009998893830925,15,0
Sequential,100000,186,33931,0.18060000729747117,15,0
Sequential,100000,187,86168,0.1832999987527728,15,0
Sequential,100000,188,24866,0.18099999579135329,15,0
Sequential,100000,189,19021,0.18770000315271318,15,0
Sequential,100000,190,44862,0.18250000721309334,15,0
Sequential,100000,191,42189,0.19609999435488135,16,0
Sequential,100000,192,27855,0.1745999907143414,15,0
Sequential,100000,193,24981,0.1740000006975606,15,0
Sequential,100000,194,92327,0.1745000045048073,15,0
Sequential,100000,195,44314,0.18190000264439732,15,0
Sequential,100000,196,86135,0.1829000102588907,15,0
Sequential,100000,197,55033,0.18149999959859997,15,0
Sequential,100000,198,5059,0.1964999974006787,15,0
Sequential,100000,199,99929,0.18659999477677047,15,0
Sequential,100000,200,83603,0.18999999156221747,15,0
Sequential,100000,201,96900,0.18470000941306353,14,0
Sequential,100000,202,92637,0.19370000518392771,15,0
Sequential,100000,203,84870,0.18889999773819,15,0
Sequential,100000,204,16632,0.21889999334234744,16,0
Sequential,100000,205,48565,0.2066000015474856,15,0
Sequential,100000,206,21375,0.19130000146105886,14,0
Sequential,100000,207,40105,0.2077999961329624,15,0
Sequential,100000,208,5864,0.2046999870799482,15,0
Sequential,100000,209,37898,0.2184999902965501,16,0
Sequential,100000,210,98531,0.42050000047311187,15,0
Sequential,100000,211,26521,0.2305999951204285,15,0
Sequential,100000,212,78408,0.41340000461786985,14,0
Sequential,100000,213,45501,0.25129999266937375,15,0
Sequential,100000,214,42301,0.23290001263376325,16,0
Sequential,100000,215,95732,0.20429999858606607,16,0
Sequential,100000,216,99543,0.17789998673833907,15,0
Sequential,100000,217,55577,0.19049999536946416,15,0
Sequential,100000,218,71841,0.20290000247769058,16,0
Sequential,100000,219,15480,0.1767999929143116,15,0
Sequential,100000,220,29671,0.26449999131727964,15,0
Sequential,100000,221,96871,0.19070001144427806,15,0
Sequential,100000,222,57919,0.18149999959859997,15,0
Sequential,100000,223,54220,0.2587999915704131,15,0
Sequential,100000,224,74798,0.20759999461006373,15,0
Sequential,100000,225,5717,0.18689999706111848,15,0
Sequential,100000,226,58418,0.18640000780578703,15,0
Sequential,100000,227,50286,0.17699999443721026,14,0
Sequential,100000,228,85272,0.20009999570902437,15,0
Sequential,100000,229,15744,0.18640000780578703,15,0
Sequential,100000,230,96078,0.1869000116130337,15,0
Sequential,100000,231,8012,0.19950000569224358,15,0
Sequential,100000,232,18583,0.18259999342262745,15,0
Sequential,100000,233,59504,0.1816000003600493,15,0
Sequential,100000,234,67522,0.19130000146105886,16,0
Sequential,100000,235,23521,0.16689999029040337,14,0
Sequential,100000,236,11989,0.17810000281315297,15,0
Sequential,100000,237,89029,0.17479999223724008,15,0
Sequential,100000,238,24622,0.17669999215286225,15,0
Sequential,100000,239,59452,0.18149999959859997,15,0
Sequential,100000,240,61939,0.17669999215286225,15,0
Sequential,100000,241,41923,0.2007000002777204,16,0
Sequential,100000,242,58368,0.17460000526625663,15,0
Sequential,100000,243,52279,0.18229999113827944,15,0
Sequential,100000,244,93471,0.19299999985378236,16,0
Sequential,100000,245,20426,0.19130000146105886,16,0
Sequential,100000,246,71620,0.18940000154543668,15,0
Sequential,100000,247,23869,0.16670000331941992,14,0
Sequential,100000,248,39579,0.17470000602770597,15,0
Sequential,100000,249,67170,0.18239999189972878,15,0
Sequential,100000,250,30000,0.18999999156221747,15,0
Sequential,100000,251,31618,0.1821999903768301,15,0
Sequential,100000,252,75187,0.19970000721514225,16,0
Sequential,100000,253,7255,0.1810000103432685,15,0
Sequential,100000,254,45829,0.19800000882241875,16,0
Sequential,100000,255,99846,0.19079999765381217,15,0
Sequential,100000,256,99610,0.1973000034922734,16,0
Sequential,100000,257,7327,0.18849999469239265,15,0
Sequential,100000,258,21316,0.1829999964684248,15,0
Sequential,100000,259,26521,0.185500000952743,15,0
Sequential,100000,260,93326,0.18260000797454268,15,0
Sequential,100000,261,88087,0.17330000991933048,14,0
Sequential,100000,262,87928,0.1723000023048371,15,0
Sequential,100000,263,36953,0.20599999697878957,16,0
Sequential,100000,264,15775,0.1770999951986596,15,0
Sequential,100000,265,83375,0.17689999367576092,15,0
Sequential,100000,266,70354,0.16729999333620071,14,0
Sequential,100000,267,61168,0.1787999935913831,15,0
Sequential,100000,268,98724,0.1829999964684248,15,0
Sequential,100000,269,65398,0.17800000205170363,15,0
Sequential,100000,270,783,0.1863999932538718,15,0
Sequential,100000,271,81711,0.19839999731630087,16,0
Sequential,100000,272,29938,0.17699999443721026,15,0
Sequential,100000,273,66339,0.19269999756943434,16,0
Sequential,100000,274,93894,0.16880000475794077,14,0
Sequential,100000,275,13430,0.1750999945215881,15,0
Sequential,100000,276,11543,0.29549999453593045,16,0
Sequential,100000,277,10704,0.23570000485051423,15,0
Sequential,100000,278,55323,0.21579999884124845,15,0
Sequential,100000,279,27235,0.1871999993454665,14,0
Sequential,100000,280,60483,0.18940000154543668,15,0
Sequential,100000,281,71762,0.19540000357665122,15,0
Sequential,100000,282,20360,0.19690000044647604,15,0
Sequential,100000,283,63424,0.16969999705906957,14,0
Sequential,100000,284,26399,0.17660000594332814,15,0
Sequential,100000,285,48854,0.19320000137668103,15,0
Sequential,100000,286,90534,0.18629999249242246,15,0
Sequential,100000,287,84611,0.18279999494552612,14,0
Sequential,100000,288,9230,0.1964999974006787,15,0
Sequential,100000,289,42358,0.18709999858401716,15,0
Sequential,100000,290,27669,0.17519999528303742,15,0
Sequential,100000,291,355,0.1841000048443675,15,0
Sequential,100000,292,77112,0.2043000131379813,16,0
Sequential,100000,293,63712,0.18430000636726618,15,0
Sequential,100000,294,26196,0.1714000100037083,15,0
Sequential,100000,295,74124,0.17860000662039965,15,0
Sequential,100000,296,55169,0.1621000119484961,14,0
Sequential,100000,297,42769,0.15890000213403255,14,0
Sequential,100000,298,967,0.16009999671950936,14,0
Sequential,100000,299,7525,0.2111999929184094,16,0
Sequential,100000,300,88311,0.17449998995289207,15,0
Sequential,100000,301,90393,0.18260000797454268,15,0
Sequential,100000,302,54560,0.18450000789016485,15,0
Sequential,100000,303,83460,0.19210000755265355,15,0
Sequential,100000,304,58251,0.18740000086836517,15,0
Sequential,100000,305,14810,0.18960000306833535,15,0
Sequential,100000,306,12745,0.178700007381849,15,0
Sequential,100000,307,30826,0.18789999012369663,15,0
Sequential,100000,308,89899,0.1843999925768003,15,0
Sequential,100000,309,79613,0.18030000501312315,15,0
Sequential,100000,310,86071,0.18489999638404697,15,0
Sequential,100000,311,89893,0.1655999949434772,14,0
Sequential,100000,312,21008,0.18730000010691583,15,0
Sequential,100000,313,24953,0.19799999427050352,15,0
Sequential,100000,314,10280,0.17759999900590628,15,0
Sequential,100000,315,78012,0.1795999996829778,15,0
Sequential,100000,316,88414,0.1905999961309135,15,0
Sequential,100000,317,40638,0.1733999961288646,14,0
Sequential,100000,318,62067,0.1807999942684546,15,0
Sequential,100000,319,15456,0.19389999215491116,16,0
Sequential,100000,320,92989,0.1908999984152615,15,0
Sequential,100000,321,86461,0.18980000459123403,15,0
Sequential,100000,322,97621,0.18799999088514596,15,0
Sequential,100000,323,81078,0.1812999980757013,15,0
Sequential,100000,324,88142,0.1883999939309433,15,0
Sequential,100000,325,2479,0.1677999971434474,14,0
Sequential,100000,326,73657,0.18319999799132347,15,0
Sequential,100000,327,33219,0.1810000103432685,15,0
Sequential,100000,328,93082,0.17630000365898013,15,0
Sequential,100000,329,80224,0.1660999987507239,14,0
Sequential,100000,330,86407,0.18440000712871552,15,0
Sequential,100000,331,81075,0.1841999910539016,15,0
Sequential,100000,332,26681,0.1875000016298145,15,0
Sequential,100000,333,78738,0.17810000281315297,15,0
Sequential,100000,334,10810,0.18770000315271318,15,0
Sequential,100000,335,87217,0.18020000425167382,15,0
Sequential,100000,336,85860,0.17610000213608146,15,0
Sequential,100000,337,22244,0.18039999122265726,15,0
Sequential,100000,338,81659,0.17320000915788114,15,0
Sequential,100000,339,46031,0.18570000247564167,15,0
Sequential,100000,340,30520,0.19209999300073832,16,0
Sequential,100000,341,79535,0.16179999511223286,14,0
Sequential,100000,342,22760,0.17719999596010894,15,0
Sequential,100000,343,2367,0.17189999925903976,15,0
Sequential,100000,344,19313,0.1905000099213794,16,0
Sequential,100000,345,32827,0.17529999604448676,14,0
Sequential,100000,346,86436,0.19249999604653567,16,0
Sequential,100000,347,96689,0.18509999790694565,15,0
Sequential,100000,348,27913,0.18509999790694565,15,0
Sequential,100000,349,64149,0.16569999570492655,14,0
Sequential,100000,350,39968,0.18009998893830925,15,0
Sequential,100000,351,98115,0.17290000687353313,15,0
Sequential,100000,352,53622,0.18529999942984432,15,0
Sequential,100000,353,93924,0.1779000012902543,15,0
Sequential,100000,354,11535,0.1852000132203102,15,0
Sequential,100000,355,97041,0.20000000949949026,16,0
Sequential,100000,356,17857,0.19750000501517206,16,0
Sequential,100000,357,96254,0.17770001431927085,15,0
Sequential,100000,358,26547,0.17600000137463212,15,0
Sequential,100000,359,10841,0.17809998826123774,15,0
Sequential,100000,360,43457,0.1903000083984807,15,0
Sequential,100000,361,72855,0.18440000712871552,15,0
Sequential,100000,362,31368,0.18440000712871552,15,0
Sequential,100000,363,60621,0.1832000125432387,15,0
Sequential,100000,364,51143,0.182400006451644,15,0
Sequential,100000,365,38520,0.16960001084953547,14,0
Sequential,100000,366,57659,0.20059999951627105,16,0
Sequential,100000,367,25473,0.20029999723192304,16,0
Sequential,100000,368,70879,0.17899999511428177,15,0
Sequential,100000,369,170,0.17899999511428177,15,0
Sequential,100000,370,92558,0.17729999672155827,15,0
Sequential,100000,371,53846,0.1660999987507239,14,0
Sequential,100000,372,71943,0.18180000188294798,15,0
Sequential,100000,373,74196,0.18689999706111848,15,0
Sequential,100000,374,67063,0.1863999932538718,15,0
Sequential,100000,375,36423,0.18730000010691583,15,0
Sequential,100000,376,6998,0.18810000619851053,15,0
Sequential,100000,377,66424,0.18110001110471785,15,0
Sequential,100000,378,33021,0.1816000003600493,15,0
Sequential,100000,379,31392,0.18649999401532114,15,0
Sequential,100000,380,84802,0.1947999990079552,15,0
Sequential,100000,381,71976,0.19540000357665122,15,0
Sequential,100000,382,30033,0.192599996807985,15,0
Sequential,100000,383,30929,0.2015000063693151,15,0
Sequential,100000,384,40840,0.3828999906545505,15,0
Sequential,100000,385,40241,0.5553999944822863,15,0
Sequential,100000,386,29566,0.46699999074917287,15,0
Sequential,100000,387,12729,0.2950999914901331,14,0
Sequential,100000,388,42045,0.2806999982567504,15,0
Sequential,100000,389,94037,0.294700002996251,15,0
Sequential,100000,390,67732,0.2525000018067658,16,0
Sequential,100000,391,90281,0.17559999832883477,14,0
Sequential,100000,392,61552,0.1812999980757013,15,0
Sequential,100000,393,30095,0.19190000602975488,15,0
Sequential,100000,394,54794,0.20399999630171806,15,0
Sequential,100000,395,41,0.18770000315271318,14,0
Sequential,100000,396,28692,0.1860999909695238,15,0
Sequential,100000,397,42989,0.264599992078729,15,0
Sequential,100000,398,57999,0.1686000032350421,14,0
Sequential,100000,399,65471,0.19640001119114459,16,0
Sequential,100000,400,46499,0.2525000018067658,15,0
Sequential,100000,401,44216,0.1846999948611483,15,0
Sequential,100000,402,21371,0.2015000063693151,16,0
Sequential,100000,403,47319,0.1829999964684248,15,0
Sequential,100000,404,90119,0.17350001144222915,15,0
Sequential,100000,405,79603,0.19260001135990024,15,0
Sequential,100000,406,16970,0.17829998978413641,15,0
Sequential,100000,407,8480,0.17159999697469175,14,0
Sequential,100000,408,51546,0.18489999638404697,15,0
Sequential,100000,409,63295,0.1816000003600493,15,0
Sequential,100000,410,33519,0.18209998961538076,15,0
Sequential,100000,411,81843,0.18020000425167382,15,0
Sequential,100000,412,75114,0.18430000636726618,15,0
Sequential,100000,413,67280,0.1669999910518527,14,0
Sequential,100000,414,22465,0.18350000027567148,15,0
Sequential,100000,415,19913,0.1666999887675047,14,0
Sequential,100000,416,2443,0.19360000442247838,16,0
Sequential,100000,417,24485,0.1779000012902543,15,0
Sequential,100000,418,47514,0.17949999892152846,15,0
Sequential,100000,419,84974,0.17689999367576092,15,0
Sequential,100000,420,7283,0.18339999951422215,15,0
Sequential,100000,421,41445,0.16880000475794077,14,0
Sequential,100000,422,62977,0.18039999122265726,15,0
Sequential,100000,423,19444,0.17850000585895032,15,0
Sequential,100000,424,69636,0.21320000814739615,16,0
Sequential,100000,425,49438,0.18310001178178936,15,0
Sequential,100000,426,24399,0.17640000442042947,15,0
Sequential,100000,427,65606,0.17430000298190862,15,0
Sequential,100000,428,555,0.1753999968059361,15,0
Sequential,100000,429,75097,0.1838000025600195,15,0
Sequential,100000,430,77005,0.17830000433605164,15,0
Sequential,100000,431,10659,0.3108000091742724,15,0
Sequential,100000,432,42515,0.1951999875018373,15,0
Sequential,100000,433,17589,0.18440000712871552,15,0
Sequential,100000,434,95797,0.18170000112149864,14,0
Sequential,100000,435,51796,0.17859999206848443,14,0
Sequential,100000,436,5022,0.18990000535268337,15,0
Sequential,100000,437,24920,0.19890000112354755,16,0
Sequential,100000,438,84834,0.18459999409969896,15,0
Sequential,100000,439,45647,0.2521999995224178,15,0
Sequential,100000,440,80142,0.1880000054370612,15,0
Sequential,100000,441,66758,0.18600000475998968,15,0
Sequential,100000,442,98790,0.19120000069960952,15,0
Sequential,100000,443,59546,0.19069999689236283,15,0
Sequential,100000,444,95004,0.19809999503195286,16,0
Sequential,100000,445,89143,0.18629999249242246,15,0
Sequential,100000,446,61266,0.18119999731425196,15,0
Sequential,100000,447,71928,0.18089999502990395,15,0
Sequential,100000,448,50478,0.1756999990902841,14,0
Sequential,100000,449,83057,0.18250000721309334,15,0
Sequential,100000,450,54788,0.17499999376013875,15,0
Sequential,100000,451,89721,0.17469999147579074,15,0
Sequential,100000,452,74366,0.1655999949434772,14,0
Sequential,100000,453,47468,0.17499999376013875,15,0
Sequential,100000,454,25920,0.16670000331941992,14,0
Sequential,100000,455,24724,0.19069999689236283,16,0
Sequential,100000,456,63767,0.17610000213608146,14,0
Sequential,100000,457,76582,0.1708999916445464,14,0
Sequential,100000,458,52130,0.17729999672155827,15,0
Sequential,100000,459,62675,0.18829999316949397,15,0
Sequential,100000,460,27460,0.1733999961288646,15,0
Sequential,100000,461,7749,0.1939999929163605,16,0
Sequential,100000,462,28573,0.18279999494552612,15,0
Sequential,100000,463,27172,0.1750999945215881,15,0
Sequential,100000,464,31971,0.17159999697469175,14,0
Sequential,100000,465,54016,0.17839999054558575,15,0
Sequential,100000,466,13838,0.17869999282993376,15,0
Sequential,100000,467,23127,0.18400000408291817,15,0
Sequential,100000,468,69395,0.17800000205170363,15,0
Sequential,100000,469,70642,0.17610000213608146,15,0
Sequential,100000,470,6423,0.1801999896997586,15,0
Sequential,100000,471,40760,0.18289999570697546,14,0
Sequential,100000,472,54262,0.1782000035746023,15,0
Sequential,100000,473,41578,0.17559999832883477,15,0
Sequential,100000,474,20684,0.1779000012902543,15,0
Sequential,100000,475,42015,0.1720000000204891,15,0
Sequential,100000,476,90484,0.1849000109359622,15,0
Sequential,100000,477,58408,0.19869999960064888,16,0
Sequential,100000,478,69553,0.18740000086836517,15,0
Sequential,100000,479,85674,0.18030000501312315,15,0
Sequential,100000,480,76560,0.1680999994277954,14,0
Sequential,100000,481,38039,0.18770000315271318,15,0
Sequential,100000,482,590,0.18259999342262745,15,0
Sequential,100000,483,35176,0.18659999477677047,15,0
Sequential,100000,484,75348,0.3274999908171594,16,0
Sequential,100000,485,85345,0.19469999824650586,14,0
Sequential,100000,486,95344,0.20360000780783594,15,0
Sequential,100000,487,41903,0.18670001009013504,15,0
Sequential,100000,488,74752,0.18560000171419233,15,0
Sequential,100000,489,54614,0.22960000205785036,16,0
Sequential,100000,490,60326,0.1973000034922734,16,0
Sequential,100000,491,22054,0.16929999401327223,14,0
Sequential,100000,492,21943,0.1799000019673258,15,0
Sequential,100000,493,43584,0.18780000391416252,15,0
Sequential,100000,494,2903,0.17420000222045928,15,0
Sequential,100000,495,33613,0.18090000958181918,15,0
Sequential,100000,496,67915,0.16330000653397292,14,0
Sequential,100000,497,40432,0.19210000755265355,16,0
Sequential,100000,498,16505,0.1858999894466251,15,0
Sequential,100000,499,46740,0.17949999892152846,15,0
Sequential,100000,500,12763,0.17610000213608146,15,0
Sequential,100000,501,62226,0.18540000019129366,15,0
Sequential,100000,502,2697,0.17949999892152846,15,0
Sequential,100000,503,39403,0.19439999596215785,16,0
Sequential,100000,504,56440,0.17179999849759042,14,0
Sequential,100000,505,2711,0.1711999939288944,15,0
Sequential,100000,506,64275,0.1790999958757311,15,0
Sequential,100000,507,13570,0.17349999689031392,15,0
Sequential,100000,508,46170,0.19299999985378236,15,0
Sequential,100000,509,5029,0.1832999987527728,15,0
Sequential,100000,510,37911,0.18379998800810426,15,0
Sequential,100000,511,21167,0.18849999469239265,15,0
Sequential,100000,512,32685,0.18449999333824962,15,0
Sequential,100000,513,76123,0.17010000010486692,14,0
Sequential,100000,514,37913,0.1711999939288944,15,0
Sequential,100000,515,75201,0.1998999941861257,16,0
Sequential,100000,516,83193,0.18010000349022448,15,0
Sequential,100000,517,25228,0.19320000137668103,16,0
Sequential,100000,518,8191,0.1779000012902543,15,0
Sequential,100000,519,1939,0.20960000983905047,16,0
Sequential,100000,520,53942,0.21359999664127827,16,0
Sequential,100000,521,99991,0.19869999960064888,15,0
Sequential,100000,522,34997,0.17579999985173345,14,0
Sequential,100000,523,65015,0.1824999926611781,15,0
Sequential,100000,524,78124,0.17410000145900995,14,0
Sequential,100000,525,65176,0.18369998724665493,15,0
Sequential,100000,526,75424,0.17810000281315297,15,0
Sequential,100000,527,94962,0.18969998927786946,16,0
Sequential,100000,528,19937,0.18430000636726618,15,0
Sequential,100000,529,2039,0.1627000019652769,14,0
Sequential,100000,530,15239,0.1880999916465953,16,0
Sequential,100000,531,12623,0.1756999990902841,15,0
Sequential,100000,532,66946,0.1745999907143414,15,0
Sequential,100000,533,56397,0.17800000205170363,15,0
Sequential,100000,534,21797,0.1807999942684546,15,0
Sequential,100000,535,69947,0.1784999913070351,15,0
Sequential,100000,536,76690,0.17759999900590628,15,0
Sequential,100000,537,16779,0.19559999054763466,16,0
Sequential,100000,538,60725,0.20129999029450119,16,0
Sequential,100000,539,74793,0.18859999545384198,15,0
Sequential,100000,540,11454,0.18789999012369663,15,0
Sequential,100000,541,81931,0.18400000408291817,14,0
Sequential,100000,542,96473,0.1956000050995499,15,0
Sequential,100000,543,10810,0.18670001009013504,15,0
Sequential,100000,544,2568,0.19910000264644623,15,0
Sequential,100000,545,31196,0.18769998860079795,14,0
Sequential,100000,546,67735,0.18689999706111848,15,0
Sequential,100000,547,95818,0.20309998944867402,15,0
Sequential,100000,548,39666,0.2080000122077763,15,0
Sequential,100000,549,71502,0.19740000425372273,15,0
Sequential,100000,550,7600,0.19160000374540687,15,0
Sequential,100000,551,69062,0.21100000594742596,16,0
Sequential,100000,552,62725,0.2854000049410388,15,0
Sequential,100000,553,10191,0.192599996807985,14,0
Sequential,100000,554,77249,0.1936999906320125,15,0
Sequential,100000,555,85030,0.18459999409969896,15,0
Sequential,100000,556,60042,0.195699991309084,15,0
Sequential,100000,557,12106,0.30509999487549067,15,0
Sequential,100000,558,98385,0.22239999088924378,16,0
Sequential,100000,559,78264,0.27299999783281237,14,0
Sequential,100000,560,34721,0.20419999782461673,15,0
Sequential,100000,561,42838,0.18530001398175955,15,0
Sequential,100000,562,37058,0.1914000022225082,15,0
Sequential,100000,563,50597,0.1911999861476943,15,0
Sequential,100000,564,34124,0.18689999706111848,14,0
Sequential,100000,565,84958,0.17410000145900995,14,0
Sequential,100000,566,82234,0.18149999959859997,15,0
Sequential,100000,567,10554,0.18109999655280262,15,0
Sequential,100000,568,96079,0.1838000025600195,15,0
Sequential,100000,569,63559,0.1773000112734735,15,0
Sequential,100000,570,82871,0.18600000475998968,15,0
Sequential,100000,571,70731,0.189200000022538,15,0
Sequential,100000,572,43549,0.1706000039121136,14,0
Sequential,100000,573,73380,0.1829999964684248,15,0
Sequential,100000,574,96548,0.19069999689236283,15,0
Sequential,100000,575,27009,0.19459999748505652,15,0
Sequential,100000,576,80820,0.1843999925768003,15,0
Sequential,100000,577,53818,0.1816000003600493,15,0
Sequential,100000,578,48350,0.17830000433605164,15,0
Sequential,100000,579,43558,0.17430000298190862,15,0
Sequential,100000,580,73103,0.17080000543501228,15,0
Sequential,100000,581,26840,0.16209999739658087,14,0
Sequential,100000,582,85172,0.17550001211930066,15,0
Sequential,100000,583,83074,0.17410000145900995,15,0
Sequential,100000,584,8667,0.17420000222045928,15,0
Sequential,100000,585,88164,0.1829999964684248,15,0
Sequential,100000,586,24387,0.24649999977555126,15,0
Sequential,100000,587,46471,0.21170001127757132,15,0
Sequential,100000,588,61034,0.20219999714754522,15,0
Sequential,100000,589,37899,0.19069999689236283,15,0
Sequential,100000,590,2870,0.19880000036209822,16,0
Sequential,100000,591,85096,0.18010000349022448,15,0
Sequential,100000,592,18184,0.1795999996829778,15,0
Sequential,100000,593,21212,0.1799000019673258,15,0
Sequential,100000,594,79784,0.16880000475794077,14,0
Sequential,100000,595,34034,0.20390001009218395,16,0
Sequential,100000,596,88032,0.19360000442247838,16,0
Sequential,100000,597,70119,0.18319999799132347,15,0
Sequential,100000,598,27627,0.16480000340379775,14,0
Sequential,100000,599,1016,0.1638999965507537,14,0
Sequential,100000,600,94807,0.1984999980777502,15,0
Sequential,100000,601,8562,0.19559999054763466,15,0
Sequential,100000,602,72008,0.18679999629966915,15,0
Sequential,100000,603,48858,0.18889999773819,15,0
Sequential,100000,604,75817,0.19530000281520188,16,0
Sequential,100000,605,69061,0.1849999971454963,15,0
Sequential,100000,606,64591,0.17869999282993376,14,0
Sequential,100000,607,49083,0.1779000012902543,15,0
Sequential,100000,608,79294,0.17529999604448676,14,0
Sequential,100000,609,9306,0.1759999868227169,15,0
Sequential,100000,610,22160,0.18089999502990395,15,0
Sequential,100000,611,69179,0.1779000012902543,15,0
Sequential,100000,612,30621,0.17759999900590628,15,0
Sequential,100000,613,58156,0.19159998919349164,16,0
Sequential,100000,614,47327,0.1942999952007085,16,0
Sequential,100000,615,53093,0.17769999976735562,15,0
Sequential,100000,616,42551,0.17449998995289207,15,0
Sequential,100000,617,74594,0.18200000340584666,15,0
Sequential,100000,618,33080,0.17520000983495265,15,0
Sequential,100000,619,70286,0.1756999990902841,15,0
Sequential,100000,620,27092,0.1762000028975308,15,0
Sequential,100000,621,25141,0.17449998995289207,15,0
Sequential,100000,622,12066,0.18899999849963933,15,0
Sequential,100000,623,19259,0.17600000137463212,15,0
Sequential,100000,624,11956,0.17780000052880496,15,0
Sequential,100000,625,53587,0.1804000057745725,15,0
Sequential,100000,626,76219,0.16250000044237822,14,0
Sequential,100000,627,18515,0.19520000205375254,16,0
Sequential,100000,628,21639,0.18740000086836517,15,0
Sequential,100000,629,48420,0.17840000509750098,15,0
Sequential,100000,630,72459,0.19079999765381217,15,0
Sequential,100000,631,97661,0.1790999958757311,15,0
Sequential,100000,632,52464,0.17939999816007912,15,0
Sequential,100000,633,28300,0.1849999971454963,15,0
Sequential,100000,634,10053,0.17769999976735562,15,0
Sequential,100000,635,19412,0.17590000061318278,15,0
Sequential,100000,636,22749,0.19289999909233302,15,0
Sequential,100000,637,17945,0.18689999706111848,15,0
Sequential,100000,638,1415,0.19029999384656549,15,0
Sequential,100000,639,53414,0.18149999959859997,15,0
Sequential,100000,640,27432,0.16489998961333185,14,0
Sequential,100000,641,97430,0.1767999929143116,15,0
Sequential,100000,642,55336,0.1736999984132126,15,0
Sequential,100000,643,69742,0.18279999494552612,15,0
Sequential,100000,644,12628,0.19869999960064888,16,0
Sequential,100000,645,86847,0.19090001296717674,15,0
Sequential,100000,646,49088,0.17850000585895032,15,0
Sequential,100000,647,87272,0.1728999923216179,15,0
Sequential,100000,648,57407,0.2086000022245571,16,0
Sequential,100000,649,46940,0.17880000814329833,15,0
Sequential,100000,650,44047,0.17260000458918512,15,0
Sequential,100000,651,18437,0.1773999974830076,15,0
Sequential,100000,652,5138,0.19090001296717674,16,0
Sequential,100000,653,94107,0.17880000814329833,15,0
Sequential,100000,654,47773,0.17880000814329833,15,0
Sequential,100000,655,82212,0.1770000089891255,15,0
Sequential,100000,656,40071,0.1815000141505152,15,0
Sequential,100000,657,7409,0.17590000061318278,14,0
Sequential,100000,658,62945,0.17800000205170363,15,0
Sequential,100000,659,5361,0.16530000721104443,14,0
Sequential,100000,660,14920,0.17769999976735562,15,0
Sequential,100000,661,56284,0.17759999900590628,15,0
Sequential,100000,662,30384,0.18350000027567148,15,0
Sequential,100000,663,99392,0.17600000137463212,15,0
Sequential,100000,664,11846,0.17689999367576092,15,0
Sequential,100000,665,76445,0.17840000509750098,15,0
Sequential,100000,666,60632,0.18509999790694565,15,0
Sequential,100000,667,79075,0.1858999894466251,15,0
Sequential,100000,668,22569,0.18540000019129366,15,0
Sequential,100000,669,52258,0.18780000391416252,15,0
Sequential,100000,670,45052,0.2057999954558909,16,0
Sequential,100000,671,44273,0.18749998707789928,15,0
Sequential,100000,672,86017,0.18529999942984432,15,0
Sequential,100000,673,99004,0.18309999722987413,15,0
Sequential,100000,674,30539,0.18379998800810426,15,0
Sequential,100000,675,62103,0.18339999951422215,15,0
Sequential,100000,676,60964,0.17430000298190862,15,0
Sequential,100000,677,74009,0.18220000492874533,15,0
Sequential,100000,678,94760,0.1742999884299934,15,0
Sequential,100000,679,20779,0.17800000205170363,15,0
Sequential,100000,680,21103,0.17320000915788114,15,0
Sequential,100000,681,66043,0.18590000399854034,15,0
Sequential,100000,682,15706,0.17159999697469175,14,0
Sequential,100000,683,17382,0.17850000585895032,15,0
Sequential,100000,684,7507,0.16769999638199806,14,0
Sequential,100000,685,268,0.20969999604858458,15,0
Sequential,100000,686,45051,0.1979000080609694,15,0
Sequential,100000,687,59382,0.18430000636726618,15,0
Sequential,100000,688,29126,0.19109999993816018,15,0
Sequential,100000,689,23148,0.18319999799132347,15,0
Sequential,100000,690,70696,0.1733999961288646,14,0
Sequential,100000,691,70299,0.17600000137463212,15,0
Sequential,100000,692,45404,0.1782000035746023,15,0
Sequential,100000,693,68739,0.18909999926108867,15,0
Sequential,100000,694,92392,0.178700007381849,15,0
Sequential,100000,695,78783,0.18149999959859997,15,0
Sequential,100000,696,62506,0.18190000264439732,15,0
Sequential,100000,697,66119,0.17699999443721026,15,0
Sequential,100000,698,93367,0.18480001017451286,15,0
Sequential,100000,699,42514,0.18149999959859997,15,0
Sequential,100000,700,54457,0.185800003237091,15,0
Sequential,100000,701,64764,0.20510000467766076,16,0
Sequential,100000,702,90842,0.19530000281520188,15,0
Sequential,100000,703,82664,0.17220000154338777,14,0
Sequential,100000,704,7141,0.18390000332146883,15,0
Sequential,100000,705,16593,0.18190000264439732,15,0
Sequential,100000,706,30762,0.1849999971454963,15,0
Sequential,100000,707,74896,0.18339999951422215,15,0
Sequential,100000,708,56921,0.18030000501312315,15,0
Sequential,100000,709,28862,0.1779000012902543,15,0
Sequential,100000,710,12436,0.17860000662039965,15,0
Sequential,100000,711,68868,0.1849999971454963,15,0
Sequential,100000,712,69974,0.1782000035746023,15,0
Sequential,100000,713,94268,0.18840000848285854,15,0
Sequential,100000,714,50048,0.17890000890474766,15,0
Sequential,100000,715,49380,0.1779999874997884,15,0
Sequential,100000,716,8045,0.17240000306628644,15,0
Sequential,100000,717,3987,0.17470000602770597,15,0
Sequential,100000,718,43203,0.1843999925768003,15,0
Sequential,100000,719,32233,0.17939999816007912,15,0
Sequential,100000,720,25037,0.16969999705906957,14,0
Sequential,100000,721,9133,0.18340001406613737,15,0
Sequential,100000,722,96192,0.17640000442042947,14,0
Sequential,100000,723,83596,0.18730000010691583,15,0
Sequential,100000,724,57520,0.18309999722987413,15,0
Sequential,100000,725,95079,0.1846999948611483,15,0
Sequential,100000,726,99958,0.17079999088309705,14,0
Sequential,100000,727,67229,0.17699999443721026,14,0
Sequential,100000,728,26952,0.19799999427050352,15,0
Sequential,100000,729,4024,0.18509999790694565,15,0
Sequential,100000,730,75627,0.1931000006152317,15,0
Sequential,100000,731,47051,0.19239999528508633,15,0
Sequential,100000,732,65151,0.18780000391416252,15,0
Sequential,100000,733,91608,0.1917000045068562,15,0
Sequential,100000,734,18149,0.5112999933771789,15,0
Sequential,100000,735,58533,0.3437999985180795,15,0
Sequential,100000,736,63479,0.26089999300893396,15,0
Sequential,100000,737,49173,0.3546000079950318,15,0
Sequential,100000,738,9125,0.251300007221289,15,0
Sequential,100000,739,34797,0.2106000029016286,16,0
Sequential,100000,740,33331,0.19130000146105886,15,0
Sequential,100000,741,67014,0.18829999316949397,15,0
Sequential,100000,742,85774,0.18339999951422215,15,0
Sequential,100000,743,32981,0.19659999816212803,15,0
Sequential,100000,744,69368,0.18089999502990395,15,0
Sequential,100000,745,28822,0.1765000051818788,15,0
Sequential,100000,746,94520,0.21380001271609217,15,0
Sequential,100000,747,81357,0.1799000019673258,15,0
Sequential,100000,748,55010,0.17999998817685992,15,0
Sequential,100000,749,45483,0.18709999858401716,15,0
Sequential,100000,750,31452,0.2808999997796491,15,0
Sequential,100000,751,32328,0.179000009666197,15,0
Sequential,100000,752,97019,0.1723000023048371,14,0
Sequential,100000,753,40418,0.19999999494757503,16,0
Sequential,100000,754,51460,0.1635999942664057,14,0
Sequential,100000,755,98812,0.18889999773819,16,0
Sequential,100000,756,65767,0.1849999971454963,15,0
Sequential,100000,757,54260,0.25860000459942967,15,0
Sequential,100000,758,41325,0.18820000695995986,15,0
Sequential,100000,759,18759,0.18840000848285854,15,0
Sequential,100000,760,36178,0.17860000662039965,15,0
Sequential,100000,761,75645,0.18470000941306353,15,0
Sequential,100000,762,62541,0.17690000822767615,14,0
Sequential,100000,763,76000,0.17440000374335796,15,0
Sequential,100000,764,20356,0.21269998978823423,16,0
Sequential,100000,765,54922,0.20300000323913991,16,0
Sequential,100000,766,92768,0.1877999893622473,15,0
Sequential,100000,767,43812,0.18849999469239265,15,0
Sequential,100000,768,69826,0.1838000025600195,15,0
Sequential,100000,769,12143,0.18130001262761652,15,0
Sequential,100000,770,97315,0.17720001051202416,15,0
Sequential,100000,771,60888,0.1812999980757013,15,0
Sequential,100000,772,23930,0.18139999883715063,15,0
Sequential,100000,773,15838,0.17610000213608146,15,0
Sequential,100000,774,55084,0.17159999697469175,15,0
Sequential,100000,775,55226,0.17410000145900995,15,0
Sequential,100000,776,9321,0.1762999891070649,15,0
Sequential,100000,777,99226,0.17070000467356294,15,0
Sequential,100000,778,91293,0.18260000797454268,15,0
Sequential,100000,779,46145,0.17549999756738544,15,0
Sequential,100000,780,11747,0.17379999917466193,15,0
Sequential,100000,781,83215,0.18370000179857016,15,0
Sequential,100000,782,49838,0.17929999739862978,15,0
Sequential,100000,783,71661,0.17899999511428177,15,0
Sequential,100000,784,50888,0.1736999984132126,15,0
Sequential,100000,785,27343,0.17210000078193843,15,0
Sequential,100000,786,83473,0.18420000560581684,15,0
Sequential,100000,787,98025,0.1841000048443675,15,0
Sequential,100000,788,24374,0.21079998987261206,16,0
Sequential,100000,789,55127,0.1795999996829778,15,0
Sequential,100000,790,38359,0.1795999996829778,15,0
Sequential,100000,791,92187,0.16490000416524708,14,0
Sequential,100000,792,50825,0.1568000006955117,14,0
Sequential,100000,793,87933,0.17780000052880496,15,0
Sequential,100000,794,86403,0.1779999874997884,15,0
Sequential,100000,795,27625,0.15809999604243785,14,0
Sequential,100000,796,79001,0.17830000433605164,14,0
Sequential,100000,797,41495,0.17899999511428177,14,0
Sequential,100000,798,93425,0.18790000467561185,15,0
Sequential,100000,799,50774,0.15970000822562724,14,0
Sequential,100000,800,82055,0.1762999891070649,15,0
Sequential,100000,801,28284,0.2766999969026074,15,0
Sequential,100000,802,29856,0.21349999587982893,15,0
Sequential,100000,803,58694,0.19669999892357737,15,0
Sequential,100000,804,99891,0.17729999672155827,15,0
Sequential,100000,805,48965,0.1973000034922734,16,0
Sequential,100000,806,14860,0.1795999996829778,15,0
Sequential,100000,807,53859,0.19099999917671084,15,0
Sequential,100000,808,34513,0.1779999874997884,15,0
Sequential,100000,809,55192,0.265800001216121,15,0
Sequential,100000,810,54344,0.1947999990079552,15,0
Sequential,100000,811,45535,0.19910000264644623,16,0
Sequential,100000,812,32178,0.18119999731425196,15,0
Sequential,100000,813,18866,0.1782000035746023,15,0
Sequential,100000,814,69750,0.17980000120587647,15,0
Sequential,100000,815,57180,0.1866999955382198,15,0
Sequential,100000,816,23357,0.1807999942684546,15,0
Sequential,100000,817,77555,0.17839999054558575,15,0
Sequential,100000,818,4365,0.18540000019129366,15,0
Sequential,100000,819,74471,0.17929999739862978,15,0
Sequential,100000,820,70523,0.17600000137463212,15,0
Sequential,100000,821,81141,0.182400006451644,15,0
Sequential,100000,822,38608,0.17460000526625663,15,0
Sequential,100000,823,66369,0.17850000585895032,15,0
Sequential,100000,824,82075,0.18960000306833535,16,0
Sequential,100000,825,98082,0.17559999832883477,15,0
Sequential,100000,826,49533,0.17850000585895032,15,0
Sequential,100000,827,3702,0.16280000272672623,14,0
Sequential,100000,828,50230,0.1790999958757311,15,0
Sequential,100000,829,59019,0.18309999722987413,15,0
Sequential,100000,830,86971,0.1796999858925119,15,0
Sequential,100000,831,87420,0.17169999773614109,15,0
Sequential,100000,832,44031,0.1660999987507239,14,0
Sequential,100000,833,52596,0.18139999883715063,15,0
Sequential,100000,834,45693,0.17109999316744506,14,0
Sequential,100000,835,72245,0.1849999971454963,15,0
Sequential,100000,836,40998,0.17999998817685992,15,0
Sequential,100000,837,65479,0.17670000670477748,15,0
Sequential,100000,838,15437,0.18400000408291817,15,0
Sequential,100000,839,46950,0.17809998826123774,15,0
Sequential,100000,840,96921,0.16360000881832093,14,0
Sequential,100000,841,33857,0.18450000789016485,15,0
Sequential,100000,842,69271,0.17680000746622682,15,0
Sequential,100000,843,64984,0.16490000416524708,14,0
Sequential,100000,844,85177,0.17939999816007912,15,0
Sequential,100000,845,85235,0.16930000856518745,15,0
Sequential,100000,846,85935,0.1666999887675047,14,0
Sequential,100000,847,38001,0.1812999980757013,15,0
Sequential,100000,848,31667,0.17939999816007912,15,0
Sequential,100000,849,71872,0.1694999955361709,14,0
Sequential,100000,850,75941,0.1795999996829778,15,0
Sequential,100000,851,87239,0.19330000213813037,15,0
Sequential,100000,852,3590,0.18009998893830925,15,0
Sequential,100000,853,6843,0.18279999494552612,15,0
Sequential,100000,854,63117,0.18170000112149864,15,0
Sequential,100000,855,92093,0.20009999570902437,15,0
Sequential,100000,856,99743,0.2125000028172508,16,0
Sequential,100000,857,74677,0.18790000467561185,15,0
Sequential,100000,858,43398,0.19640001119114459,15,0
Sequential,100000,859,9845,0.17120000848080963,14,0
Sequential,100000,860,63375,0.1664000010350719,14,0
Sequential,100000,861,87258,0.1706000039121136,14,0
Sequential,100000,862,44368,0.18300001102034003,15,0
Sequential,100000,863,69401,0.18679999629966915,15,0
Sequential,100000,864,90343,0.18930000078398734,15,0
Sequential,100000,865,4600,0.17929999739862978,15,0
Sequential,100000,866,79615,0.18859999545384198,15,0
Sequential,100000,867,29337,0.19029999384656549,15,0
Sequential,100000,868,37485,0.19920000340789557,16,0
Sequential,100000,869,14557,0.19020000763703138,15,0
Sequential,100000,870,53117,0.17269999079871923,14,0
Sequential,100000,871,56593,0.1804000057745725,15,0
Sequential,100000,872,79252,0.1733999961288646,15,0
Sequential,100000,873,16999,0.1779000012902543,15,0
Sequential,100000,874,7897,0.1736999984132126,15,0
Sequential,100000,875,87084,0.17780000052880496,15,0
Sequential,100000,876,61972,0.18489999638404697,15,0
Sequential,100000,877,24083,0.17970000044442713,15,0
Sequential,100000,878,91283,0.17890000890474766,15,0
Sequential,100000,879,14312,0.18139999883715063,15,0
Sequential,100000,880,46115,0.17970000044442713,15,0
Sequential,100000,881,25398,0.18269999418407679,15,0
Sequential,100000,882,25533,0.17299999308306724,15,0
Sequential,100000,883,940,0.17980000120587647,15,0
Sequential,100000,884,80464,0.18310001178178936,15,0
Sequential,100000,885,90121,0.18060000729747117,15,0
Sequential,100000,886,67762,0.17759999900590628,15,0
Sequential,100000,887,15798,0.17919999663718045,15,0
Sequential,100000,888,44173,0.17889999435283244,15,0
Sequential,100000,889,34557,0.17179999849759042,14,0
Sequential,100000,890,58758,0.19859999883919954,16,0
Sequential,100000,891,63894,0.17520000983495265,15,0
Sequential,100000,892,42431,0.1756999990902841,15,0
Sequential,100000,893,25010,0.179000009666197,15,0
Sequential,100000,894,84531,0.18030000501312315,15,0
Sequential,100000,895,19922,0.20000000949949026,16,0
Sequential,100000,896,38470,0.17330000991933048,14,0
Sequential,100000,897,48321,0.21600000036414713,16,0
Sequential,100000,898,23721,0.1829000102588907,14,0
Sequential,100000,899,57193,0.21220000053290278,15,0
Sequential,100000,900,57482,0.2007000002777204,15,0
Sequential,100000,901,99270,0.19950000569224358,14,0
Sequential,100000,902,29524,0.2010000025620684,15,0
Sequential,100000,903,97795,0.2055000077234581,15,0
Sequential,100000,904,65823,0.20390001009218395,15,0
Sequential,100000,905,27449,0.18289999570697546,15,0
Sequential,100000,906,56593,0.18879999697674066,15,0
Sequential,100000,907,68580,0.19409999367780983,15,0
Sequential,100000,908,74467,0.19380000594537705,15,0
Sequential,100000,909,4905,0.37129998963791877,15,0
Sequential,100000,910,60641,0.2072000061161816,15,0
Sequential,100000,911,49673,0.1866999955382198,15,0
Sequential,100000,912,90416,0.33939999411813915,15,0
Sequential,100000,913,28620,0.39590000233147293,15,0
Sequential,100000,914,79887,0.20389999554026872,15,0
Sequential,100000,915,60707,0.22739999985788018,15,0
Sequential,100000,916,35233,0.2552999940235168,15,0
Sequential,100000,917,63662,0.26339999749325216,15,0
Sequential,100000,918,62090,0.20679998851846904,16,0
Sequential,100000,919,67777,0.17699999443721026,15,0
Sequential,100000,920,72093,0.19999999494757503,16,0
Sequential,100000,921,65919,0.2916999947046861,16,0
Sequential,100000,922,83834,0.18760000239126384,14,0
Sequential,100000,923,62825,0.19899998733308166,16,0
Sequential,100000,924,90341,0.1762000028975308,15,0
Sequential,100000,925,64635,0.17669999215286225,15,0
Sequential,100000,926,30894,0.18039999122265726,15,0
Sequential,100000,927,44083,0.18260000797454268,14,0
Sequential,100000,928,57958,0.18480001017451286,15,0
Sequential,100000,929,73236,0.1841000048443675,14,0
Sequential,100000,930,9014,0.1894999877549708,15,0
Sequential,100000,931,29512,0.19079999765381217,16,0
Sequential,100000,932,74749,0.1782000035746023,15,0
Sequential,100000,933,17565,0.16900000628083944,14,0
Sequential,100000,934,13216,0.1888000115286559,16,0
Sequential,100000,935,53941,0.1795999996829778,15,0
Sequential,100000,936,97149,0.17630000365898013,15,0
Sequential,100000,937,53086,0.17460000526625663,15,0
Sequential,100000,938,91349,0.17819998902268708,15,0
Sequential,100000,939,83048,0.20819999917875975,16,0
Sequential,100000,940,25698,0.1773999974830076,15,0
Sequential,100000,941,82469,0.1731999946059659,14,0
Sequential,100000,942,48185,0.1703000016277656,14,0
Sequential,100000,943,80649,0.18600000475998968,15,0
Sequential,100000,944,74656,0.16679998952895403,14,0
Sequential,100000,945,33872,0.18529999942984432,15,0
Sequential,100000,946,11517,0.17759999900590628,15,0
Sequential,100000,947,96290,0.17240000306628644,14,0
Sequential,100000,948,14076,0.16859998868312687,14,0
Sequential,100000,949,96651,0.17579999985173345,15,0
Sequential,100000,950,86015,0.1812999980757013,15,0
Sequential,100000,951,72422,0.19899998733308166,16,0
Sequential,100000,952,97995,0.1630000042496249,14,0
Sequential,100000,953,96727,0.16500000492669642,14,0
Sequential,100000,954,80459,0.17079999088309705,15,0
Sequential,100000,955,36578,0.1832999987527728,15,0
Sequential,100000,956,79069,0.1832999987527728,15,0
Sequential,100000,957,1392,0.1922000083141029,15,0
Sequential,100000,958,53658,0.19070001144427806,15,0
Sequential,100000,959,45479,0.2082999999402091,16,0
Sequential,100000,960,67283,0.26819999038707465,14,0
Sequential,100000,961,67235,0.18170000112149864,15,0
Sequential,100000,962,58457,0.23459999647457153,16,0
Sequential,100000,963,82242,0.18739998631644994,15,0
Sequential,100000,964,94030,0.18479999562259763,15,0
Sequential,100000,965,10835,0.17980000120587647,15,0
Sequential,100000,966,23383,0.18149999959859997,15,0
Sequential,100000,967,2503,0.17559999832883477,15,0
Sequential,100000,968,88424,0.18899999849963933,16,0
Sequential,100000,969,56141,0.17579999985173345,15,0
Sequential,100000,970,91526,0.17470000602770597,15,0
Sequential,100000,971,22137,0.18599999020807445,15,0
Sequential,100000,972,6322,0.17749999824445695,15,0
Sequential,100000,973,82386,0.17549999756738544,15,0
Sequential,100000,974,90939,0.17350001144222915,15,0
Sequential,100000,975,30220,0.1770000089891255,15,0
Sequential,100000,976,40830,0.1922000083141029,15,0
Sequential,100000,977,13978,0.17560001288075,15,0
Sequential,100000,978,94627,0.16730000788811594,14,0
Sequential,100000,979,30437,0.18960000306833535,15,0
Sequential,100000,980,49263,0.16719999257475138,14,0
Sequential,100000,981,9720,0.17970000044442713,15,0
Sequential,100000,982,88726,0.171900013810955,15,0
Sequential,100000,983,13567,0.1694999955361709,15,0
Sequential,100000,984,45365,0.18030000501312315,15,0
Sequential,100000,985,67049,0.18270000873599201,15,0
Sequential,100000,986,74315,0.16590001177974045,14,0
Sequential,100000,987,94598,0.1875000016298145,16,0
Sequential,100000,988,41913,0.1799000019673258,15,0
Sequential,100000,989,74227,0.17460000526625663,15,0
Sequential,100000,990,15453,0.17559999832883477,15,0
Sequential,100000,991,41489,0.1962000096682459,16,0
Sequential,100000,992,9903,0.17980000120587647,15,0
Sequential,100000,993,48935,0.18119999731425196,15,0
Sequential,100000,994,40812,0.1750999945215881,15,0
Sequential,100000,995,95153,0.17529999604448676,15,0
Sequential,100000,996,3272,0.1731999946059659,15,0
Sequential,100000,997,37053,0.1669000048423186,14,0
Sequential,100000,998,44339,0.17610000213608146,15,0
Sequential,100000,999,95056,0.17359999765176326,15,0
Sequential,100000,1000,85546,0.16969999705906957,14,0
B+,100000,1,63943,0.22659999376628548,4,0
B+,100000,2,2502,0.15190000704023987,4,0
B+,100000,3,27503,0.15300000086426735,4,0
B+,100000,4,22322,0.14139999984763563,4,0
B+,100000,5,73648,0.13970000145491213,4,0
B+,100000,6,67670,0.13860000763088465,4,0
B+,100000,7,89218,0.1652000064495951,4,0
B+,100000,8,8694,0.1373000122839585,4,0
B+,100000,9,42193,0.14000000373926014,4,0
B+,100000,10,2980,0.1365999924018979,4,0
B+,100000,11,21864,0.1390999968862161,4,0
B+,100000,12,50536,0.14540000120177865,4,0
B+,100000,13,2654,0.13670000771526247,4,0
B+,100000,14,19884,0.13449999096337706,4,0
B+,100000,15,64989,0.13499999477062374,4,0
B+,100000,16,54495,0.1348999940091744,4,0
B+,100000,17,22045,0.13580000086221844,4,0
B+,100000,18,58927,0.13670000771526247,4,0
B+,100000,19,80944,0.13949999993201345,4,0
B+,100000,20,650,0.1370999962091446,4,0
B+,100000,21,80582,0.13439999020192772,4,0
B+,100000,22,69814,0.1360000023851171,4,0
B+,100000,23,34026,0.13519999629352242,4,0
B+,100000,24,15548,0.13689999468624592,4,0
B+,100000,25,95722,0.1655999949434772,4,0
B+,100000,26,33660,0.19859999883919954,5,0
B+,100000,27,9275,0.13710001076105982,4,0
B+,100000,28,9672,0.13690000923816115,4,0
B+,100000,29,84750,0.1669000048423186,4,0
B+,100000,30,60373,0.1348999940091744,4,0
B+,100000,31,80713,0.1320000010309741,4,0
B+,100000,32,72974,0.13679999392479658,4,0
B+,100000,33,53623,0.1379000023007393,4,0
B+,100000,34,97312,0.1669000048423186,4,0
B+,100000,35,37854,0.13819999003317207,4,0
B+,100000,36,55205,0.13590000162366778,4,0
B+,100000,37,82941,0.14019999071024358,4,0
B+,100000,38,61852,0.14000000373926014,4,0
B+,100000,39,86171,0.16390001110266894,4,0
B+,100000,40,57736,0.13949999993201345,4,0
B+,100000,41,70458,0.1387999946018681,4,0
B+,100000,42,4583,0.1373999984934926,4,0
B+,100000,43,22790,0.1568000006955117,4,0
B+,100000,44,28939,0.13559999933931977,4,0
B+,100000,45,7980,0.13559999933931977,4,0
B+,100000,46,23280,0.13580000086221844,4,0
B+,100000,47,10101,0.13329999637790024,4,0
B+,100000,48,27798,0.13429998944047838,4,0
B+,100000,49,63569,0.1382000045850873,4,0
B+,100000,50,36484,0.14000000373926014,4,0
B+,100000,51,37019,0.1362999901175499,4,0
B+,100000,52,20951,0.1382000045850873,4,0
B+,100000,53,26698,0.13519999629352242,4,0
B+,100000,54,93666,0.16820000018924475,4,0
B+,100000,55,64804,0.1382000045850873,4,0
B+,100000,56,60914,0.14050000754650682,4,0
B+,100000,57,17114,0.13899999612476677,4,0
B+,100000,58,72913,0.13639999087899923,4,0
B+,100000,59,16341,0.14170000213198364,4,0
B+,100000,60,37946,0.13880000915378332,4,0
B+,100000,61,98953,0.17670000670477748,4,0
B+,100000,62,64000,0.1508999994257465,4,0
B+,100000,63,55695,0.14790000568609685,4,0
B+,100000,64,68462,0.14400000509340316,4,0
B+,100000,65,84286,0.1731000083964318,4,0
B+,100000,66,77600,0.14790000568609685,4,0
B+,100000,67,22905,0.1545999984955415,4,0
B+,100000,68,3211,0.14930000179447234,4,0
B+,100000,69,31546,0.14899999951012433,4,0
B+,100000,70,26775,0.13939999917056412,4,0
B+,100000,71,21099,0.1453000004403293,4,0
B+,100000,72,94291,0.16909999249037355,4,0
B+,100000,73,87637,0.17929999739862978,4,0
B+,100000,74,31468,0.29170000925660133,4,0
B+,100000,75,65544,0.3507999936118722,4,0
B+,100000,76,39564,0.2598000137368217,4,0
B+,100000,77,91455,0.17949999892152846,4,0
B+,100000,78,45886,0.16039999900385737,4,0
B+,100000,79,26489,0.14280001050792634,4,0
B+,100000,80,24663,0.1429999974789098,4,0
B+,100000,81,56137,0.14730000111740083,4,0
B+,100000,82,26275,0.15900000289548188,4,0
B+,100000,83,58459,0.15789999451953918,4,0
B+,100000,84,89783,0.1686999894445762,4,0
B+,100000,85,39941,0.13840000610798597,4,0
B+,100000,86,21933,0.13840000610798597,4,0
B+,100000,87,99754,0.16290000348817557,4,0
B+,100000,88,50953,0.14200000441633165,4,0
B+,100000,89,9091,0.142400007462129,4,0
B+,100000,90,4712,0.13460000627674162,4,0
B+,100000,91,10965,0.13390000094659626,4,0
B+,100000,92,62745,0.13470000703819096,4,0
B+,100000,93,79208,0.13889999536331743,4,0
B+,100000,94,42216,0.13549999857787043,4,0
B+,100000,95,6353,0.15040001017041504,4,0
B+,100000,96,38162,0.13530001160688698,4,0
B+,100000,97,99613,0.2165000041713938,4,0
B+,100000,98,52912,0.156299996888265,4,0
B+,100000,99,97108,0.16630000027362257,4,0
B+,100000,100,86078,0.1621999981580302,4,0
B+,100000,101,1149,0.1412999990861863,4,0
B+,100000,102,72073,0.15219999477267265,4,0
B+,100000,103,68172,0.13719999697059393,4,0
B+,100000,104,53698,0.13590000162366778,4,0
B+,100000,105,26683,0.13970000145491213,4,0
B+,100000,106,64097,0.13869999384041876,4,0
B+,100000,107,11156,0.13580000086221844,4,0
B+,100000,108,43477,0.14150000060908496,4,0
B+,100000,109,45373,0.14319999900180846,4,0
B+,100000,110,95382,0.1615999935893342,4,0
B+,100000,111,87586,0.16830000095069408,4,0
B+,100000,112,26339,0.13919999764766544,4,0
B+,100000,113,50059,0.14189998910296708,4,0
B+,100000,114,17866,0.1463999942643568,4,0
B+,100000,115,91263,0.1644000003580004,4,0
B+,100000,116,87052,0.16379999578930438,4,0
B+,100000,117,29845,0.13839999155607074,4,0
B+,100000,118,63895,0.1382999907946214,4,0
B+,100000,119,60898,0.13640000543091446,4,0
B+,100000,120,15284,0.13639999087899923,4,0
B+,100000,121,76252,0.13689999468624592,4,0
B+,100000,122,53938,0.15249999705702066,4,0
B+,100000,123,77863,0.13899999612476677,4,0
B+,100000,124,53036,0.13869999384041876,4,0
B+,100000,125,58,0.13749999925494194,4,0
B+,100000,126,32416,0.1357000001007691,4,0
B+,100000,127,1948,0.13420000323094428,4,0
B+,100000,128,92910,0.16009999671950936,4,0
B+,100000,129,87873,0.16030001279432327,4,0
B+,100000,130,83167,0.1373999984934926,4,0
B+,100000,131,30752,0.14770000416319817,4,0
B+,100000,132,5793,0.13389998639468104,4,0
B+,100000,133,87801,0.15970000822562724,4,0
B+,100000,134,94695,0.15870000061113387,4,0
B+,100000,135,8566,0.1348999940091744,4,0
B+,100000,136,48600,0.14489999739453197,4,0
B+,100000,137,6922,0.13660000695381314,4,0
B+,100000,138,76061,0.13610000314656645,4,0
B+,100000,139,76584,0.13299999409355223,4,0
B+,100000,140,12840,0.13919999764766544,4,0
B+,100000,141,47529,0.1340000017080456,4,0
B+,100000,142,54981,0.13460000627674162,4,0
B+,100000,143,26506,0.1365999924018979,4,0
B+,100000,144,87244,0.16419999883510172,4,0
B+,100000,145,42314,0.13609998859465122,4,0
B+,100000,146,21180,0.13690000923816115,4,0
B+,100000,147,53930,0.13760000001639128,4,0
B+,100000,148,72994,0.1399000029778108,4,0
B+,100000,149,20116,0.13520001084543765,4,0
B+,100000,150,31172,0.1399000029778108,4,0
B+,100000,151,99515,0.16569999570492655,4,0
B+,100000,152,64988,0.13719999697059393,4,0
B+,100000,153,43811,0.1472000003559515,4,0
B+,100000,154,51758,0.14519999967887998,4,0
B+,100000,155,12101,0.14319999900180846,4,0
B+,100000,156,22470,0.14330001431517303,4,0
B+,100000,157,33809,0.13949999993201345,4,0
B+,100000,158,58831,0.13630000466946512,4,0
B+,100000,159,23012,0.1351000100839883,4,0
B+,100000,160,22022,0.13559999933931977,4,0
B+,100000,161,7100,0.1368000084767118,4,0
B+,100000,162,63111,0.13679999392479658,4,0
B+,100000,163,22895,0.13760000001639128,4,0
B+,100000,164,90543,0.16140000661835074,4,0
B+,100000,165,85964,0.15979999443516135,4,0
B+,100000,166,7086,0.13229998876340687,4,0
B+,100000,167,23801,0.13410000246949494,4,0
B+,100000,168,66898,0.1424999936716631,4,0
B+,100000,169,21424,0.1345999917248264,4,0
B+,100000,170,13232,0.1357000001007691,4,0
B+,100000,171,93552,0.1598999951966107,4,0
B+,100000,172,57105,0.13899999612476677,4,0
B+,100000,173,47268,0.13420000323094428,4,0
B+,100000,174,78462,0.13810000382363796,4,0
B+,100000,175,80750,0.13469999248627573,4,0
B+,100000,176,19041,0.13299999409355223,4,0
B+,100000,177,9694,0.1399000029778108,4,0
B+,100000,178,43106,0.13899999612476677,4,0
B+,100000,179,42358,0.13810000382363796,4,0
B+,100000,180,46703,0.1382000045850873,4,0
B+,100000,181,72908,0.1360000023851171,4,0
B+,100000,182,67337,0.13800000306218863,4,0
B+,100000,183,98417,0.16610001330263913,4,0
B+,100000,184,9842,0.14059999375604093,4,0
B+,100000,185,40263,0.14210000517778099,4,0
B+,100000,186,33931,0.1407000090694055,4,0
B+,100000,187,86168,0.16390001110266894,4,0
B+,100000,188,24866,0.14289999671746045,4,0
B+,100000,189,19021,0.16039999900385737,4,0
B+,100000,190,44862,0.15249999705702066,4,0
B+,100000,191,42189,0.14170000213198364,4,0
B+,100000,192,27855,0.14619999274145812,4,0
B+,100000,193,24981,0.14040000678505749,4,0
B+,100000,194,92327,0.18390000332146883,4,0
B+,100000,195,44314,0.14059999375604093,4,0
B+,100000,196,86135,0.1664000010350719,4,0
B+,100000,197,55033,0.13899999612476677,4,0
B+,100000,198,5059,0.1390999968862161,4,0
B+,100000,199,99929,0.19079999765381217,4,0
B+,100000,200,83603,0.13980000221636146,4,0
B+,100000,201,96900,0.22739999985788018,5,0
B+,100000,202,92637,0.16709999181330204,4,0
B+,100000,203,84870,0.16619999951217324,4,0
B+,100000,204,16632,0.13670000771526247,4,0
B+,100000,205,48565,0.13839999155607074,4,0
B+,100000,206,21375,0.13859999307896942,4,0
B+,100000,207,40105,0.13590000162366778,4,0
B+,100000,208,5864,0.1345999917248264,4,0
B+,100000,209,37898,0.13440000475384295,4,0
B+,100000,210,98531,0.16009999671950936,4,0
B+,100000,211,26521,0.18420000560581684,5,0
B+,100000,212,78408,0.13840000610798597,4,0
B+,100000,213,45501,0.14119999832473695,4,0
B+,100000,214,42301,0.13599998783320189,4,0
B+,100000,215,95732,0.15770000754855573,4,0
B+,100000,216,99543,0.15820001135580242,4,0
B+,100000,217,55577,0.13380000018514693,4,0
B+,100000,218,71841,0.13689999468624592,4,0
B+,100000,219,15480,0.13899999612476677,4,0
B+,100000,220,29671,0.13499999477062374,4,0
B+,100000,221,96871,0.15859999984968454,4,0
B+,100000,222,57919,0.14829999417997897,4,0
B+,100000,223,54220,0.14209999062586576,4,0
B+,100000,224,74798,0.13679999392479658,4,0
B+,100000,225,5717,0.1390999968862161,4,0
B+,100000,226,58418,0.13359999866224825,4,0
B+,100000,227,50286,0.18479999562259763,5,0
B+,100000,228,85272,0.20870000298600644,5,0
B+,100000,229,15744,0.13509999553207308,4,0
B+,100000,230,96078,0.15940000594127923,4,0
B+,100000,231,8012,0.13460000627674162,4,0
B+,100000,232,18583,0.13529999705497175,4,0
B+,100000,233,59504,0.13839999155607074,4,0
B+,100000,234,67522,0.13749999925494194,4,0
B+,100000,235,23521,0.14829999417997897,4,0
B+,100000,236,11989,0.14399999054148793,4,0
B+,100000,237,89029,0.1647000026423484,4,0
B+,100000,238,24622,0.1373999984934926,4,0
B+,100000,239,59452,0.1362000039080158,4,0
B+,100000,240,61939,0.1373000122839585,4,0
B+,100000,241,41923,0.18850000924430788,5,0
B+,100000,242,58368,0.13580000086221844,4,0
B+,100000,243,52279,0.14000000373926014,4,0
B+,100000,244,93471,0.1613000058569014,4,0
B+,100000,245,20426,0.1340000017080456,4,0
B+,100000,246,71620,0.13500000932253897,4,0
B+,100000,247,23869,0.18529999942984432,5,0
B+,100000,248,39579,0.1365000061923638,4,0
B+,100000,249,67170,0.2359000063734129,4,0
B+,100000,250,30000,0.21899999410379678,4,0
B+,100000,251,31618,0.14810000720899552,4,0
B+,100000,252,75187,0.1429999974789098,4,0
B+,100000,253,7255,0.1441000058548525,4,0
B+,100000,254,45829,0.14820000797044486,4,0
B+,100000,255,99846,0.18629999249242246,4,0
B+,100000,256,99610,0.16119999054353684,4,0
B+,100000,257,7327,0.1353999978164211,4,0
B+,100000,258,21316,0.1379000023007393,4,0
B+,100000,259,26521,0.18760000239126384,5,0
B+,100000,260,93326,0.17079999088309705,4,0
B+,100000,261,88087,0.16179999511223286,4,0
B+,100000,262,87928,0.16029999824240804,4,0
B+,100000,263,36953,0.1365999924018979,4,0
B+,100000,264,15775,0.13919999764766544,4,0
B+,100000,265,83375,0.14679999731015414,4,0
B+,100000,266,70354,0.13859999307896942,4,0
B+,100000,267,61168,0.1357000001007691,4,0
B+,100000,268,98724,0.16209999739658087,4,0
B+,100000,269,65398,0.13810000382363796,4,0
B+,100000,270,783,0.13590000162366778,4,0
B+,100000,271,81711,0.13750001380685717,4,0
B+,100000,272,29938,0.13719999697059393,4,0
B+,100000,273,66339,0.1362000039080158,4,0
B+,100000,274,93894,0.16880000475794077,4,0
B+,100000,275,13430,0.1399999891873449,4,0
B+,100000,276,11543,0.13919999764766544,4,0
B+,100000,277,10704,0.13899999612476677,4,0
B+,100000,278,55323,0.23979999241419137,4,0
B+,100000,279,27235,0.2072000061161816,5,0
B+,100000,280,60483,0.14420000661630183,4,0
B+,100000,281,71762,0.15040001017041504,4,0
B+,100000,282,20360,0.19609999435488135,4,0
B+,100000,283,63424,0.1545000122860074,4,0
B+,100000,284,26399,0.14040000678505749,4,0
B+,100000,285,48854,0.15300000086426735,4,0
B+,100000,286,90534,0.16589999722782522,4,0
B+,100000,287,84611,0.1708999916445464,4,0
B+,100000,288,9230,0.14789999113418162,4,0
B+,100000,289,42358,0.14109999756328762,4,0
B+,100000,290,27669,0.1449999981559813,4,0
B+,100000,291,355,0.14799999189563096,4,0
B+,100000,292,77112,0.49669999862089753,5,0
B+,100000,293,63712,0.1925000105984509,4,0
B+,100000,294,26196,0.2699000033317134,4,0
B+,100000,295,74124,0.1588000013725832,4,0
B+,100000,296,55169,0.15069999790284783,4,0
B+,100000,297,42769,0.14370000280905515,4,0
B+,100000,298,967,0.14179998834151775,4,0
B+,100000,299,7525,0.13610000314656645,4,0
B+,100000,300,88311,0.16480000340379775,4,0
B+,100000,301,90393,0.16880000475794077,4,0
B+,100000,302,54560,0.13869999384041876,4,0
B+,100000,303,83460,0.15330000314861536,4,0
B+,100000,304,58251,0.14210000517778099,4,0
B+,100000,305,14810,0.1382999907946214,4,0
B+,100000,306,12745,0.13580000086221844,4,0
B+,100000,307,30826,0.1480999926570803,4,0
B+,100000,308,89899,0.16789999790489674,4,0
B+,100000,309,79613,0.13979998766444623,4,0
B+,100000,310,86071,0.27319999935571104,4,0
B+,100000,311,89893,0.23069999588187784,4,0
B+,100000,312,21008,0.14689999807160348,4,0
B+,100000,313,24953,0.1478000049246475,4,0
B+,100000,314,10280,0.14770000416319817,4,0
B+,100000,315,78012,0.14879999798722565,4,0
B+,100000,316,88414,0.16630000027362257,4,0
B+,100000,317,40638,0.1382000045850873,4,0
B+,100000,318,62067,0.14350000128615648,4,0
B+,100000,319,15456,0.1353999978164211,4,0
B+,100000,320,92989,0.16080000204965472,4,0
B+,100000,321,86461,0.1674999948590994,4,0
B+,100000,322,97621,0.16630000027362257,4,0
B+,100000,323,81078,0.13329999637790024,4,0
B+,100000,324,88142,0.15919998986646533,4,0
B+,100000,325,2479,0.1336999994236976,4,0
B+,100000,326,73657,0.13349999790079892,4,0
B+,100000,327,33219,0.13320001016836613,4,0
B+,100000,328,93082,0.16090000281110406,4,0
B+,100000,329,80224,0.13139999646227807,4,0
B+,100000,330,86407,0.15669999993406236,4,0
B+,100000,331,81075,0.13049998960923404,4,0
B+,100000,332,26681,0.13529999705497175,4,0
B+,100000,333,78738,0.1370999962091446,4,0
B+,100000,334,10810,0.13359999866224825,4,0
B+,100000,335,87217,0.16799999866634607,4,0
B+,100000,336,85860,0.15690000145696104,4,0
B+,100000,337,22244,0.1357000001007691,4,0
B+,100000,338,81659,0.1348999940091744,4,0
B+,100000,339,46031,0.13599998783320189,4,0
B+,100000,340,30520,0.1336999994236976,4,0
B+,100000,341,79535,0.13859999307896942,4,0
B+,100000,342,22760,0.13420000323094428,4,0
B+,100000,343,2367,0.1331000094069168,4,0
B+,100000,344,19313,0.1326000055996701,4,0
B+,100000,345,32827,0.13410000246949494,4,0
B+,100000,346,86436,0.15750000602565706,4,0
B+,100000,347,96689,0.1581999968038872,4,0
B+,100000,348,27913,0.1320000010309741,4,0
B+,100000,349,64149,0.1390999968862161,4,0
B+,100000,350,39968,0.14849999570287764,4,0
B+,100000,351,98115,0.17010000010486692,4,0
B+,100000,352,53622,0.148899998748675,4,0
B+,100000,353,93924,0.16619999951217324,4,0
B+,100000,354,11535,0.2310999989276752,4,0
B+,100000,355,97041,0.1686000032350421,4,0
B+,100000,356,17857,0.13710001076105982,4,0
B+,100000,357,96254,0.1604999997653067,4,0
B+,100000,358,26547,0.1399000029778108,4,0
B+,100000,359,10841,0.1370999962091446,4,0
B+,100000,360,43457,0.14309999824035913,4,0
B+,100000,361,72855,0.1348000077996403,4,0
B+,100000,362,31368,0.13500000932253897,4,0
B+,100000,363,60621,0.13350001245271415,4,0
B+,100000,364,51143,0.13490000856108963,4,0
B+,100000,365,38520,0.14470001042354852,4,0
B+,100000,366,57659,0.13610000314656645,4,0
B+,100000,367,25473,0.13410000246949494,4,0
B+,100000,368,70879,0.13410000246949494,4,0
B+,100000,369,170,0.13469999248627573,4,0
B+,100000,370,92558,0.16510000568814576,4,0
B+,100000,371,53846,0.1410000113537535,4,0
B+,100000,372,71943,0.1368000084767118,4,0
B+,100000,373,74196,0.1328000071225688,4,0
B+,100000,374,67063,0.13309999485500157,4,0
B+,100000,375,36423,0.14340000052470714,4,0
B+,100000,376,6998,0.14060000830795616,4,0
B+,100000,377,66424,0.22000000171829015,4,0
B+,100000,378,33021,0.15630001144018024,4,0
B+,100000,379,31392,0.1416000013705343,4,0
B+,100000,380,84802,0.16989999858196825,4,0
B+,100000,381,71976,0.13760000001639128,4,0
B+,100000,382,30033,0.13760000001639128,4,0
B+,100000,383,30929,0.14039999223314226,4,0
B+,100000,384,40840,0.13460000627674162,4,0
B+,100000,385,40241,0.1320000010309741,4,0
B+,100000,386,29566,0.13339999713934958,4,0
B+,100000,387,12729,0.1328999933321029,4,0
B+,100000,388,42045,0.14319999900180846,4,0
B+,100000,389,94037,0.16459998732898384,4,0
B+,100000,390,67732,0.14459999511018395,4,0
B+,100000,391,90281,0.17519999528303742,4,0
B+,100000,392,61552,0.15509998775087297,4,0
B+,100000,393,30095,0.15130000247154385,4,0
B+,100000,394,54794,0.14699999883305281,4,0
B+,100000,395,41,0.14210000517778099,4,0
B+,100000,396,28692,0.15410000924021006,4,0
B+,100000,397,42989,0.1500000071246177,4,0
B+,100000,398,57999,0.1503000094089657,4,0
B+,100000,399,65471,0.14689999807160348,4,0
B+,100000,400,46499,0.15749999147374183,4,0
B+,100000,401,44216,0.15049999637994915,4,0
B+,100000,402,21371,0.14409999130293727,4,0
B+,100000,403,47319,0.16480000340379775,4,0
B+,100000,404,90119,0.1686999894445762,4,0
B+,100000,405,79603,0.159399991389364,4,0
B+,100000,406,16970,0.13949999993201345,4,0
B+,100000,407,8480,0.14289999671746045,4,0
B+,100000,408,51546,0.14789999113418162,4,0
B+,100000,409,63295,0.1436000020476058,4,0
B+,100000,410,33519,0.1407000090694055,4,0
B+,100000,411,81843,0.1472000003559515,4,0
B+,100000,412,75114,0.14000000373926014,4,0
B+,100000,413,67280,0.13880000915378332,4,0
B+,100000,414,22465,0.14080000983085483,4,0
B+,100000,415,19913,0.13630000466946512,4,0
B+,100000,416,2443,0.1357000001007691,4,0
B+,100000,417,24485,0.13559999933931977,4,0
B+,100000,418,47514,0.13889999536331743,4,0
B+,100000,419,84974,0.16509999113623053,4,0
B+,100000,420,7283,0.13519999629352242,4,0
B+,100000,421,41445,0.13949999993201345,4,0
B+,100000,422,62977,0.13509999553207308,4,0
B+,100000,423,19444,0.13559999933931977,4,0
B+,100000,424,69636,0.14000000373926014,4,0
B+,100000,425,49438,0.14279999595601112,4,0
B+,100000,426,24399,0.14069999451749027,4,0
B+,100000,427,65606,0.1360000023851171,4,0
B+,100000,428,555,0.13420000323094428,4,0
B+,100000,429,75097,0.1345999917248264,4,0
B+,100000,430,77005,0.13980000221636146,4,0
B+,100000,431,10659,0.14259999443311244,4,0
B+,100000,432,42515,0.1449999981559813,4,0
B+,100000,433,17589,0.13870000839233398,4,0
B+,100000,434,95797,0.16610001330263913,4,0
B+,100000,435,51796,0.14350000128615648,4,0
B+,100000,436,5022,0.15409999468829483,4,0
B+,100000,437,24920,0.14659999578725547,4,0
B+,100000,438,84834,0.16719999257475138,4,0
B+,100000,439,45647,0.1404999929945916,4,0
B+,100000,440,80142,0.14210000517778099,4,0
B+,100000,441,66758,0.13840000610798597,4,0
B+,100000,442,98790,0.17479999223724008,4,0
B+,100000,443,59546,0.13830000534653664,4,0
B+,100000,444,95004,0.29769999673590064,4,0
B+,100000,445,89143,0.26450000586919487,4,0
B+,100000,446,61266,0.15219999477267265,4,0
B+,100000,447,71928,0.15109998639672995,4,0
B+,100000,448,50478,0.15079999866429716,4,0
B+,100000,449,83057,0.14789999113418162,4,0
B+,100000,450,54788,0.14429999282583594,4,0
B+,100000,451,89721,0.16750000941101462,4,0
B+,100000,452,74366,0.13870000839233398,4,0
B+,100000,453,47468,0.13860000763088465,4,0
B+,100000,454,25920,0.14760000340174884,4,0
B+,100000,455,24724,0.1404999929945916,4,0
B+,100000,456,63767,0.2496999950380996,4,0
B+,100000,457,76582,0.1441999920643866,4,0
B+,100000,458,52130,0.14509999891743064,4,0
B+,100000,459,62675,0.14319999900180846,4,0
B+,100000,460,27460,0.14230000670067966,4,0
B+,100000,461,7749,0.14289999671746045,4,0
B+,100000,462,28573,0.1446999958716333,4,0
B+,100000,463,27172,0.14119999832473695,4,0
B+,100000,464,31971,0.1399000029778108,4,0
B+,100000,465,54016,0.1419000036548823,4,0
B+,100000,466,13838,0.13679999392479658,4,0
B+,100000,467,23127,0.14439999358728528,4,0
B+,100000,468,69395,0.13929999840911478,4,0
B+,100000,469,70642,0.14649999502580613,4,0
B+,100000,470,6423,0.13889999536331743,4,0
B+,100000,471,40760,0.13979998766444623,4,0
B+,100000,472,54262,0.14489999739453197,4,0
B+,100000,473,41578,0.14269999519456178,4,0
B+,100000,474,20684,0.1404999929945916,4,0
B+,100000,475,42015,0.13840000610798597,4,0
B+,100000,476,90484,0.16429999959655106,4,0
B+,100000,477,58408,0.1370999962091446,4,0
B+,100000,478,69553,0.13849999231752008,4,0
B+,100000,479,85674,0.16490000416524708,4,0
B+,100000,480,76560,0.13589998707175255,4,0
B+,100000,481,38039,0.14319999900180846,4,0
B+,100000,482,590,0.13729999773204327,4,0
B+,100000,483,35176,0.13809998927172273,4,0
B+,100000,484,75348,0.1385000068694353,4,0
B+,100000,485,85345,0.16190001042559743,4,0
B+,100000,486,95344,0.16939999477472156,4,0
B+,100000,487,41903,0.13699999544769526,4,0
B+,100000,488,74752,0.13749999925494194,4,0
B+,100000,489,54614,0.13639999087899923,4,0
B+,100000,490,60326,0.13590000162366778,4,0
B+,100000,491,22054,0.13770000077784061,4,0
B+,100000,492,21943,0.1348000077996403,4,0
B+,100000,493,43584,0.15810001059435308,4,0
B+,100000,494,2903,0.15750000602565706,4,0
B+,100000,495,33613,0.1613000058569014,4,0
B+,100000,496,67915,0.1500000071246177,4,0
B+,100000,497,40432,0.15190000704023987,4,0
B+,100000,498,16505,0.15520000306423753,4,0
B+,100000,499,46740,0.1500000071246177,4,0
B+,100000,500,12763,0.14879999798722565,4,0
B+,100000,501,62226,0.20959999528713524,4,0
B+,100000,502,2697,0.1475000026402995,4,0
B+,100000,503,39403,0.14279999595601112,4,0
B+,100000,504,56440,0.1508999994257465,4,0
B+,100000,505,2711,0.13669999316334724,4,0
B+,100000,506,64275,0.14119999832473695,4,0
B+,100000,507,13570,0.13719999697059393,4,0
B+,100000,508,46170,0.1635999942664057,4,0
B+,100000,509,5029,0.13779998698737472,4,0
B+,100000,510,37911,0.3440000000409782,4,0
B+,100000,511,21167,0.17020000086631626,4,0
B+,100000,512,32685,0.19619999511633068,4,0
B+,100000,513,76123,0.15430001076310873,4,0
B+,100000,514,37913,0.18780000391416252,4,0
B+,100000,515,75201,0.1917000045068562,4,0
B+,100000,516,83193,0.16510000568814576,4,0
B+,100000,517,25228,0.14990000636316836,4,0
B+,100000,518,8191,0.15269999857991934,4,0
B+,100000,519,1939,0.23920000239741057,5,0
B+,100000,520,53942,0.1588000013725832,4,0
B+,100000,521,99991,0.2165000041713938,4,0
B+,100000,522,34997,0.2089000045089051,4,0
B+,100000,523,65015,0.15750000602565706,4,0
B+,100000,524,78124,0.15500000154133886,4,0
B+,100000,525,65176,0.14180000289343297,4,0
B+,100000,526,75424,0.13910001143813133,4,0
B+,100000,527,94962,0.22909999825060368,5,0
B+,100000,528,19937,0.1407999952789396,4,0
B+,100000,529,2039,0.1390999968862161,4,0
B+,100000,530,15239,0.13729999773204327,4,0
B+,100000,531,12623,0.13349999790079892,4,0
B+,100000,532,66946,0.14029999147169292,4,0
B+,100000,533,56397,0.14119999832473695,4,0
B+,100000,534,21797,0.1379000023007393,4,0
B+,100000,535,69947,0.13559999933931977,4,0
B+,100000,536,76690,0.13509999553207308,4,0
B+,100000,537,16779,0.13479999324772507,4,0
B+,100000,538,60725,0.13299999409355223,4,0
B+,100000,539,74793,0.13800000306218863,4,0
B+,100000,540,11454,0.13250000483822078,4,0
B+,100000,541,81931,0.1404999929945916,4,0
B+,100000,542,96473,0.16820000018924475,4,0
B+,100000,543,10810,0.13639999087899923,4,0
B+,100000,544,2568,0.13549999857787043,4,0
B+,100000,545,31196,0.14619999274145812,4,0
B+,100000,546,67735,0.1370999962091446,4,0
B+,100000,547,95818,0.16739999409765005,4,0
B+,100000,548,39666,0.13529999705497175,4,0
B+,100000,549,71502,0.1866999955382198,5,0
B+,100000,550,7600,0.13849999231752008,4,0
B+,100000,551,69062,0.13729999773204327,4,0
B+,100000,552,62725,0.14039999223314226,4,0
B+,100000,553,10191,0.13640000543091446,4,0
B+,100000,554,77249,0.14030000602360815,4,0
B+,100000,555,85030,0.16829998639877886,4,0
B+,100000,556,60042,0.13840000610798597,4,0
B+,100000,557,12106,0.13770000077784061,4,0
B+,100000,558,98385,0.16310000501107424,4,0
B+,100000,559,78264,0.14319999900180846,4,0
B+,100000,560,34721,0.13830000534653664,4,0
B+,100000,561,42838,0.13870000839233398,4,0
B+,100000,562,37058,0.13590000162366778,4,0
B+,100000,563,50597,0.13580000086221844,4,0
B+,100000,564,34124,0.13390000094659626,4,0
B+,100000,565,84958,0.15859999984968454,4,0
B+,100000,566,82234,0.13679999392479658,4,0
B+,100000,567,10554,0.1379999885102734,4,0
B+,100000,568,96079,0.1638999965507537,4,0
B+,100000,569,63559,0.13689999468624592,4,0
B+,100000,570,82871,0.1340000017080456,4,0
B+,100000,571,70731,0.13509999553207308,4,0
B+,100000,572,43549,0.14239999291021377,4,0
B+,100000,573,73380,0.13699999544769526,4,0
B+,100000,574,96548,0.192599996807985,4,0
B+,100000,575,27009,0.1455999881727621,4,0
B+,100000,576,80820,0.146100006531924,4,0
B+,100000,577,53818,0.1441000058548525,4,0
B+,100000,578,48350,0.1404999929945916,4,0
B+,100000,579,43558,0.13869999384041876,4,0
B+,100000,580,73103,0.13899999612476677,4,0
B+,100000,581,26840,0.14570000348612666,4,0
B+,100000,582,85172,0.16250000044237822,4,0
B+,100000,583,83074,0.1545999984955415,4,0
B+,100000,584,8667,0.13669999316334724,4,0
B+,100000,585,88164,0.16029999824240804,4,0
B+,100000,586,24387,0.13749999925494194,4,0
B+,100000,587,46471,0.13929999840911478,4,0
B+,100000,588,61034,0.13630000466946512,4,0
B+,100000,589,37899,0.13469999248627573,4,0
B+,100000,590,2870,0.1373999984934926,4,0
B+,100000,591,85096,0.16939999477472156,4,0
B+,100000,592,18184,0.1480999926570803,4,0
B+,100000,593,21212,0.14289999671746045,4,0
B+,100000,594,79784,0.16139999206643552,4,0
B+,100000,595,34034,0.14999999257270247,4,0
B+,100000,596,88032,0.17040000238921493,4,0
B+,100000,597,70119,0.1429999974789098,4,0
B+,100000,598,27627,0.1407999952789396,4,0
B+,100000,599,1016,0.13719999697059393,4,0
B+,100000,600,94807,0.1664000010350719,4,0
B+,100000,601,8562,0.1419000036548823,4,0
B+,100000,602,72008,0.13949999993201345,4,0
B+,100000,603,48858,0.1981999957934022,5,0
B+,100000,604,75817,0.13499999477062374,4,0
B+,100000,605,69061,0.13509999553207308,4,0
B+,100000,606,64591,0.13440000475384295,4,0
B+,100000,607,49083,0.13320001016836613,4,0
B+,100000,608,79294,0.14040000678505749,4,0
B+,100000,609,9306,0.13689999468624592,4,0
B+,100000,610,22160,0.13770000077784061,4,0
B+,100000,611,69179,0.13939999917056412,4,0
B+,100000,612,30621,0.13559999933931977,4,0
B+,100000,613,58156,0.1362999901175499,4,0
B+,100000,614,47327,0.13830000534653664,4,0
B+,100000,615,53093,0.13700000999961048,4,0
B+,100000,616,42551,0.13770000077784061,4,0
B+,100000,617,74594,0.13800000306218863,4,0
B+,100000,618,33080,0.1340000017080456,4,0
B+,100000,619,70286,0.1328000071225688,4,0
B+,100000,620,27092,0.13440000475384295,4,0
B+,100000,621,25141,0.13479999324772507,4,0
B+,100000,622,12066,0.1353999978164211,4,0
B+,100000,623,19259,0.14279999595601112,4,0
B+,100000,624,11956,0.13429998944047838,4,0
B+,100000,625,53587,0.14089999604038894,4,0
B+,100000,626,76219,0.13420000323094428,4,0
B+,100000,627,18515,0.13640000543091446,4,0
B+,100000,628,21639,0.13619998935610056,4,0
B+,100000,629,48420,0.13729999773204327,4,0
B+,100000,630,72459,0.13830000534653664,4,0
B+,100000,631,97661,0.1627000019652769,4,0
B+,100000,632,52464,0.13559999933931977,4,0
B+,100000,633,28300,0.14600000577047467,4,0
B+,100000,634,10053,0.14340000052470714,4,0
B+,100000,635,19412,0.14000000373926014,4,0
B+,100000,636,22749,0.13830000534653664,4,0
B+,100000,637,17945,0.146100006531924,4,0
B+,100000,638,1415,0.13630000466946512,4,0
B+,100000,639,53414,0.14319999900180846,4,0
B+,100000,640,27432,0.1385000068694353,4,0
B+,100000,641,97430,0.16479998885188252,4,0
B+,100000,642,55336,0.22339999850373715,4,0
B+,100000,643,69742,0.23530000180471689,4,0
B+,100000,644,12628,0.1517999917268753,4,0
B+,100000,645,86847,0.1720000000204891,4,0
B+,100000,646,49088,0.16490000416524708,4,0
B+,100000,647,87272,0.17269999079871923,4,0
B+,100000,648,57407,0.14089999604038894,4,0
B+,100000,649,46940,0.13420000323094428,4,0
B+,100000,650,44047,0.13660000695381314,4,0
B+,100000,651,18437,0.13519999629352242,4,0
B+,100000,652,5138,0.13669999316334724,4,0
B+,100000,653,94107,0.16039999900385737,4,0
B+,100000,654,47773,0.16400001186411828,4,0
B+,100000,655,82212,0.20470000163186342,5,0
B+,100000,656,40071,0.13949999993201345,4,0
B+,100000,657,7409,0.13899999612476677,4,0
B+,100000,658,62945,0.13749999925494194,4,0
B+,100000,659,5361,0.13869999384041876,4,0
B+,100000,660,14920,0.13939999917056412,4,0
B+,100000,661,56284,0.13970000145491213,4,0
B+,100000,662,30384,0.13729999773204327,4,0
B+,100000,663,99392,0.1638999965507537,4,0
B+,100000,664,11846,0.1348999940091744,4,0
B+,100000,665,76445,0.1385000068694353,4,0
B+,100000,666,60632,0.13800000306218863,4,0
B+,100000,667,79075,0.14029999147169292,4,0
B+,100000,668,22569,0.13749999925494194,4,0
B+,100000,669,52258,0.13809998927172273,4,0
B+,100000,670,45052,0.13699999544769526,4,0
B+,100000,671,44273,0.13440000475384295,4,0
B+,100000,672,86017,0.16140000661835074,4,0
B+,100000,673,99004,0.16080000204965472,4,0
B+,100000,674,30539,0.13830000534653664,4,0
B+,100000,675,62103,0.1373999984934926,4,0
B+,100000,676,60964,0.13580000086221844,4,0
B+,100000,677,74009,0.13649999164044857,4,0
B+,100000,678,94760,0.1750999945215881,4,0
B+,100000,679,20779,0.14370000280905515,4,0
B+,100000,680,21103,0.13630000466946512,4,0
B+,100000,681,66043,0.13780000153928995,4,0
B+,100000,682,15706,0.13460000627674162,4,0
B+,100000,683,17382,0.13329999637790024,4,0
B+,100000,684,7507,0.13549999857787043,4,0
B+,100000,685,268,0.13410000246949494,4,0
B+,100000,686,45051,0.13810000382363796,4,0
B+,100000,687,59382,0.1444000081392005,4,0
B+,100000,688,29126,0.1365999924018979,4,0
B+,100000,689,23148,0.1373999984934926,4,0
B+,100000,690,70696,0.13439999020192772,4,0
B+,100000,691,70299,0.13359999866224825,4,0
B+,100000,692,45404,0.14199998986441642,4,0
B+,100000,693,68739,0.14699999883305281,4,0
B+,100000,694,92392,0.1615999935893342,4,0
B+,100000,695,78783,0.13889999536331743,4,0
B+,100000,696,62506,0.13640000543091446,4,0
B+,100000,697,66119,0.1348000077996403,4,0
B+,100000,698,93367,0.16560000949539244,4,0
B+,100000,699,42514,0.1357000001007691,4,0
B+,100000,700,54457,0.1353999978164211,4,0
B+,100000,701,64764,0.13920001219958067,4,0
B+,100000,702,90842,0.1635000080568716,4,0
B+,100000,703,82664,0.13840000610798597,4,0
B+,100000,704,7141,0.24569999368395656,5,0
B+,100000,705,16593,0.14859999646432698,4,0
B+,100000,706,30762,0.15700000221841037,4,0
B+,100000,707,74896,0.1436000020476058,4,0
B+,100000,708,56921,0.14509999891743064,4,0
B+,100000,709,28862,0.1708999916445464,4,0
B+,100000,710,12436,0.16950001008808613,4,0
B+,100000,711,68868,0.14620000729337335,4,0
B+,100000,712,69974,0.14010000450070947,4,0
B+,100000,713,94268,0.17419998766854405,4,0
B+,100000,714,50048,0.14649999502580613,4,0
B+,100000,715,49380,0.14180000289343297,4,0
B+,100000,716,8045,0.14649999502580613,4,0
B+,100000,717,3987,0.14290001126937568,4,0
B+,100000,718,43203,0.14390000433195382,4,0
B+,100000,719,32233,0.20059999951627105,5,0
B+,100000,720,25037,0.15700000221841037,4,0
B+,100000,721,9133,0.14519999967887998,4,0
B+,100000,722,96192,0.17290000687353313,4,0
B+,100000,723,83596,0.15560000611003488,4,0
B+,100000,724,57520,0.14709999959450215,4,0
B+,100000,725,95079,0.1812999980757013,4,0
B+,100000,726,99958,0.20230001246090978,4,0
B+,100000,727,67229,0.16060000052675605,4,0
B+,100000,728,26952,0.16039999900385737,4,0
B+,100000,729,4024,0.15159999020397663,4,0
B+,100000,730,75627,0.14910000027157366,4,0
B+,100000,731,47051,0.15580000763293356,4,0
B+,100000,732,65151,0.691299996105954,4,0
B+,100000,733,91608,0.18579998868517578,4,0
B+,100000,734,18149,0.15279999934136868,4,0
B+,100000,735,58533,0.1419000036548823,4,0
B+,100000,736,63479,0.1404999929945916,4,0
B+,100000,737,49173,0.148899998748675,4,0
B+,100000,738,9125,0.145500001963228,4,0
B+,100000,739,34797,0.16370000957977027,4,0
B+,100000,740,33331,0.14220000593923032,4,0
B+,100000,741,67014,0.2072000061161816,5,0
B+,100000,742,85774,0.16460000188089907,4,0
B+,100000,743,32981,0.13630000466946512,4,0
B+,100000,744,69368,0.1382000045850873,4,0
B+,100000,745,28822,0.1387999946018681,4,0
B+,100000,746,94520,0.16029999824240804,4,0
B+,100000,747,81357,0.14139999984763563,4,0
B+,100000,748,55010,0.13780000153928995,4,0
B+,100000,749,45483,0.1373999984934926,4,0
B+,100000,750,31452,0.1404999929945916,4,0
B+,100000,751,32328,0.1412999990861863,4,0
B+,100000,752,97019,0.1748999929986894,4,0
B+,100000,753,40418,0.14340000052470714,4,0
B+,100000,754,51460,0.156299996888265,4,0
B+,100000,755,98812,0.16630000027362257,4,0
B+,100000,756,65767,0.13689999468624592,4,0
B+,100000,757,54260,0.1362999901175499,4,0
B+,100000,758,41325,0.13729999773204327,4,0
B+,100000,759,18759,0.13809998927172273,4,0
B+,100000,760,36178,0.13760000001639128,4,0
B+,100000,761,75645,0.13440000475384295,4,0
B+,100000,762,62541,0.1357000001007691,4,0
B+,100000,763,76000,0.13390000094659626,4,0
B+,100000,764,20356,0.15770000754855573,4,0
B+,100000,765,54922,0.1801999896997586,4,0
B+,100000,766,92768,0.17949999892152846,4,0
B+,100000,767,43812,0.14139999984763563,4,0
B+,100000,768,69826,0.13689999468624592,4,0
B+,100000,769,12143,0.13889999536331743,4,0
B+,100000,770,97315,0.1677999971434474,4,0
B+,100000,771,60888,0.2099999983329326,4,0
B+,100000,772,23930,0.1588000013725832,4,0
B+,100000,773,15838,0.14910000027157366,4,0
B+,100000,774,55084,0.14709999959450215,4,0
B+,100000,775,55226,0.1404999929945916,4,0
B+,100000,776,9321,0.14039999223314226,4,0
B+,100000,777,99226,0.22159999934956431,4,0
B+,100000,778,91293,0.1765000051818788,4,0
B+,100000,779,46145,0.14450000890064985,4,0
B+,100000,780,11747,0.13840000610798597,4,0
B+,100000,781,83215,0.1453000004403293,4,0
B+,100000,782,49838,0.1387999946018681,4,0
B+,100000,783,71661,0.13760000001639128,4,0
B+,100000,784,50888,0.13469999248627573,4,0
B+,100000,785,27343,0.13819999003317207,4,0
B+,100000,786,83473,0.1390999968862161,4,0
B+,100000,787,98025,0.16369999502785504,4,0
B+,100000,788,24374,0.14459999511018395,4,0
B+,100000,789,55127,0.1404999929945916,4,0
B+,100000,790,38359,0.14119999832473695,4,0
B+,100000,791,92187,0.16769999638199806,4,0
B+,100000,792,50825,0.13760000001639128,4,0
B+,100000,793,87933,0.16120000509545207,4,0
B+,100000,794,86403,0.1610000035725534,4,0
B+,100000,795,27625,0.1478000049246475,4,0
B+,100000,796,79001,0.14099999680183828,4,0
B+,100000,797,41495,0.13980000221636146,4,0
B+,100000,798,93425,0.1601999974809587,4,0
B+,100000,799,50774,0.1373999984934926,4,0
B+,100000,800,82055,0.14229999214876443,4,0
B+,100000,801,28284,0.16129999130498618,4,0
B+,100000,802,29856,0.14709999959450215,4,0
B+,100000,803,58694,0.14109999756328762,4,0
B+,100000,804,99891,0.19109999993816018,4,0
B+,100000,805,48965,0.14279999595601112,4,0
B+,100000,806,14860,0.1373000122839585,4,0
B+,100000,807,53859,0.13710001076105982,4,0
B+,100000,808,34513,0.1348000077996403,4,0
B+,100000,809,55192,0.1326000055996701,4,0
B+,100000,810,54344,0.13169999874662608,4,0
B+,100000,811,45535,0.1320999872405082,4,0
B+,100000,812,32178,0.13270000636111945,4,0
B+,100000,813,18866,0.13250000483822078,4,0
B+,100000,814,69750,0.14000000373926014,4,0
B+,100000,815,57180,0.13380000018514693,4,0
B+,100000,816,23357,0.14420000661630183,4,0
B+,100000,817,77555,0.14010000450070947,4,0
B+,100000,818,4365,0.13749999925494194,4,0
B+,100000,819,74471,0.1382000045850873,4,0
B+,100000,820,70523,0.13390000094659626,4,0
B+,100000,821,81141,0.1320000010309741,4,0
B+,100000,822,38608,0.13590000162366778,4,0
B+,100000,823,66369,0.13389998639468104,4,0
B+,100000,824,82075,0.13549999857787043,4,0
B+,100000,825,98082,0.15870000061113387,4,0
B+,100000,826,49533,0.13760000001639128,4,0
B+,100000,827,3702,0.13529999705497175,4,0
B+,100000,828,50230,0.13390000094659626,4,0
B+,100000,829,59019,0.1365999924018979,4,0
B+,100000,830,86971,0.1638999965507537,4,0
B+,100000,831,87420,0.1674999948590994,4,0
B+,100000,832,44031,0.14010000450070947,4,0
B+,100000,833,52596,0.1402000052621588,4,0
B+,100000,834,45693,0.1373000122839585,4,0
B+,100000,835,72245,0.13899999612476677,4,0
B+,100000,836,40998,0.1357000001007691,4,0
B+,100000,837,65479,0.13529999705497175,4,0
B+,100000,838,15437,0.13980000221636146,4,0
B+,100000,839,46950,0.25940001069102436,4,0
B+,100000,840,96921,0.17980000120587647,4,0
B+,100000,841,33857,0.14740000187885016,4,0
B+,100000,842,69271,0.14479999663308263,4,0
B+,100000,843,64984,0.14099999680183828,4,0
B+,100000,844,85177,0.1660999987507239,4,0
B+,100000,845,85235,0.16339999274350703,4,0
B+,100000,846,85935,0.15929999062791467,4,0
B+,100000,847,38001,0.1419000036548823,4,0
B+,100000,848,31667,0.13780000153928995,4,0
B+,100000,849,71872,0.16310000501107424,4,0
B+,100000,850,75941,0.13760000001639128,4,0
B+,100000,851,87239,0.16429999959655106,4,0
B+,100000,852,3590,0.1365999924018979,4,0
B+,100000,853,6843,0.13479999324772507,4,0
B+,100000,854,63117,0.13469999248627573,4,0
B+,100000,855,92093,0.15950000670272857,4,0
B+,100000,856,99743,0.15980000898707658,4,0
B+,100000,857,74677,0.13359999866224825,4,0
B+,100000,858,43398,0.1419000036548823,4,0
B+,100000,859,9845,0.1357000001007691,4,0
B+,100000,860,63375,0.13390000094659626,4,0
B+,100000,861,87258,0.16349999350495636,4,0
B+,100000,862,44368,0.1407999952789396,4,0
B+,100000,863,69401,0.1343000039923936,4,0
B+,100000,864,90343,0.16110000433400273,4,0
B+,100000,865,4600,0.13390000094659626,4,0
B+,100000,866,79615,0.14179998834151775,4,0
B+,100000,867,29337,0.1353999978164211,4,0
B+,100000,868,37485,0.1357000001007691,4,0
B+,100000,869,14557,0.13669999316334724,4,0
B+,100000,870,53117,0.1421999913873151,4,0
B+,100000,871,56593,0.1412999990861863,4,0
B+,100000,872,79252,0.13899999612476677,4,0
B+,100000,873,16999,0.14139999984763563,4,0
B+,100000,874,7897,0.1396000006934628,4,0
B+,100000,875,87084,0.17780000052880496,4,0
B+,100000,876,61972,0.1531000016257167,4,0
B+,100000,877,24083,0.14000000373926014,4,0
B+,100000,878,91283,0.1615999935893342,4,0
B+,100000,879,14312,0.1331999956164509,4,0
B+,100000,880,46115,0.13939999917056412,4,0
B+,100000,881,25398,0.1891000138130039,5,0
B+,100000,882,25533,0.13329999637790024,4,0
B+,100000,883,940,0.13349999790079892,4,0
B+,100000,884,80464,0.13800000306218863,4,0
B+,100000,885,90121,0.16799999866634607,4,0
B+,100000,886,67762,0.13639999087899923,4,0
B+,100000,887,15798,0.13939999917056412,4,0
B+,100000,888,44173,0.13980000221636146,4,0
B+,100000,889,34557,0.18450000789016485,4,0
B+,100000,890,58758,0.13929999840911478,4,0
B+,100000,891,63894,0.13610000314656645,4,0
B+,100000,892,42431,0.13589998707175255,4,0
B+,100000,893,25010,0.13630000466946512,4,0
B+,100000,894,84531,0.1638999965507537,4,0
B+,100000,895,19922,0.13419998867902905,4,0
B+,100000,896,38470,0.13719999697059393,4,0
B+,100000,897,48321,0.1429999974789098,4,0
B+,100000,898,23721,0.13619998935610056,4,0
B+,100000,899,57193,0.13840000610798597,4,0
B+,100000,900,57482,0.13349999790079892,4,0
B+,100000,901,99270,0.1655999949434772,4,0
B+,100000,902,29524,0.13849999231752008,4,0
B+,100000,903,97795,0.1677999971434474,4,0
B+,100000,904,65823,0.13689999468624592,4,0
B+,100000,905,27449,0.13630000466946512,4,0
B+,100000,906,56593,0.2617000136524439,4,0
B+,100000,907,68580,0.15810001059435308,4,0
B+,100000,908,74467,0.15419999544974416,4,0
B+,100000,909,4905,0.1438000035705045,4,0
B+,100000,910,60641,0.14139999984763563,4,0
B+,100000,911,49673,0.2673999988473952,4,0
B+,100000,912,90416,0.17010000010486692,4,0
B+,100000,913,28620,0.26529999740887433,4,0
B+,100000,914,79887,0.18059999274555594,4,0
B+,100000,915,60707,0.18060000729747117,4,0
B+,100000,916,35233,0.145500001963228,4,0
B+,100000,917,63662,0.13760000001639128,4,0
B+,100000,918,62090,0.1351000100839883,4,0
B+,100000,919,67777,0.1351000100839883,4,0
B+,100000,920,72093,0.13949999993201345,4,0
B+,100000,921,65919,0.13499999477062374,4,0
B+,100000,922,83834,0.1336999994236976,4,0
B+,100000,923,62825,0.1336999994236976,4,0
B+,100000,924,90341,0.15940000594127923,4,0
B+,100000,925,64635,0.13339999713934958,4,0
B+,100000,926,30894,0.14869999722577631,4,0
B+,100000,927,44083,0.15020000864751637,4,0
B+,100000,928,57958,0.13500000932253897,4,0
B+,100000,929,73236,0.18640000780578703,5,0
B+,100000,930,9014,0.13809998927172273,4,0
B+,100000,931,29512,0.13749999925494194,4,0
B+,100000,932,74749,0.1399999891873449,4,0
B+,100000,933,17565,0.13519999629352242,4,0
B+,100000,934,13216,0.13509999553207308,4,0
B+,100000,935,53941,0.14030000602360815,4,0
B+,100000,936,97149,0.16060000052675605,4,0
B+,100000,937,53086,0.13359999866224825,4,0
B+,100000,938,91349,0.16009999671950936,4,0
B+,100000,939,83048,0.1951000012923032,4,0
B+,100000,940,25698,0.16879999020602554,4,0
B+,100000,941,82469,0.1621999981580302,4,0
B+,100000,942,48185,0.145500001963228,4,0
B+,100000,943,80649,0.14390000433195382,4,0
B+,100000,944,74656,0.1508999994257465,4,0
B+,100000,945,33872,0.1480999926570803,4,0
B+,100000,946,11517,0.14910000027157366,4,0
B+,100000,947,96290,0.18950000230688602,4,0
B+,100000,948,14076,0.19779999274760485,5,0
B+,100000,949,96651,0.1706000039121136,4,0
B+,100000,950,86015,0.3281999961473048,4,0
B+,100000,951,72422,0.25800000003073364,4,0
B+,100000,952,97995,0.42720000783447176,4,0
B+,100000,953,96727,0.3240000078221783,4,0
B+,100000,954,80459,0.15639999764971435,4,0
B+,100000,955,36578,0.14350000128615648,4,0
B+,100000,956,79069,0.14059999375604093,4,0
B+,100000,957,1392,0.14180000289343297,4,0
B+,100000,958,53658,0.15230001008603722,4,0
B+,100000,959,45479,0.14040000678505749,4,0
B+,100000,960,67283,0.13929999840911478,4,0
B+,100000,961,67235,0.13330001092981547,4,0
B+,100000,962,58457,0.1379000023007393,4,0
B+,100000,963,82242,0.1436000020476058,4,0
B+,100000,964,94030,0.18130001262761652,4,0
B+,100000,965,10835,0.22539999918080866,4,0
B+,100000,966,23383,0.18540000019129366,4,0
B+,100000,967,2503,0.14489999739453197,4,0
B+,100000,968,88424,0.1694000093266368,4,0
B+,100000,969,56141,0.14899999951012433,4,0
B+,100000,970,91526,0.16630000027362257,4,0
B+,100000,971,22137,0.14059999375604093,4,0
B+,100000,972,6322,0.13939999917056412,4,0
B+,100000,973,82386,0.14039999223314226,4,0
B+,100000,974,90939,0.1618999958736822,4,0
B+,100000,975,30220,0.13609998859465122,4,0
B+,100000,976,40830,0.19299999985378236,4,0
B+,100000,977,13978,0.1466000103391707,4,0
B+,100000,978,94627,0.16769999638199806,4,0
B+,100000,979,30437,0.13719999697059393,4,0
B+,100000,980,49263,0.14980000560171902,4,0
B+,100000,981,9720,0.13840000610798597,4,0
B+,100000,982,88726,0.16310000501107424,4,0
B+,100000,983,13567,0.18599999020807445,5,0
B+,100000,984,45365,0.13460000627674162,4,0
B+,100000,985,67049,0.14709999959450215,4,0
B+,100000,986,74315,0.1382000045850873,4,0
B+,100000,987,94598,0.16910000704228878,4,0
B+,100000,988,41913,0.13939999917056412,4,0
B+,100000,989,74227,0.13860000763088465,4,0
B+,100000,990,15453,0.1407000090694055,4,0
B+,100000,991,41489,0.139000010676682,4,0
B+,100000,992,9903,0.13770000077784061,4,0
B+,100000,993,48935,0.13849999231752008,4,0
B+,100000,994,40812,0.13339999713934958,4,0
B+,100000,995,95153,0.16939999477472156,4,0
B+,100000,996,3272,0.1336999994236976,4,0
B+,100000,997,37053,0.1345999917248264,4,0
B+,100000,998,44339,0.1331999956164509,4,0
B+,100000,999,95056,0.15770000754855573,4,0
B+,100000,1000,85546,0.15910000365693122,4,0
Hash,100000,1,63943,0.2142000012099743,3,0
Hash,100000,2,2502,0.1632999919820577,3,0
Hash,100000,3,27503,0.15589999384246767,3,0
Hash,100000,4,22322,0.1554000045871362,3,0
Hash,100000,5,73648,0.16239999968092889,3,0
Hash,100000,6,67670,0.1568000006955117,3,0
Hash,100000,7,89218,0.15669999993406236,3,0
Hash,100000,8,8694,0.1551000023027882,3,0
Hash,100000,9,42193,0.1564999984111637,3,0
Hash,100000,10,2980,0.15389999316539615,3,0
Hash,100000,11,21864,0.14029999147169292,3,0
Hash,100000,12,50536,0.15750000602565706,3,0
Hash,100000,13,2654,0.15980000898707658,3,0
Hash,100000,14,19884,0.1554000045871362,3,0
Hash,100000,15,64989,0.14629999350290745,3,0
Hash,100000,16,54495,0.15500000154133886,3,0
Hash,100000,17,22045,0.15259999781847,3,0
Hash,100000,18,58927,0.1525000116089359,3,0
Hash,100000,19,80944,0.14450000890064985,3,0
Hash,100000,20,650,0.1551000023027882,3,0
Hash,100000,21,80582,0.15530000382568687,3,0
Hash,100000,22,69814,0.14670001110062003,3,0
Hash,100000,23,34026,0.16650000179652125,3,0
Hash,100000,24,15548,0.1545999984955415,3,0
Hash,100000,25,95722,0.14730000111740083,3,0
Hash,100000,26,33660,0.16379999578930438,3,0
Hash,100000,27,9275,0.14930000179447234,3,0
Hash,100000,28,9672,0.14319999900180846,3,0
Hash,100000,29,84750,0.14910000027157366,3,0
Hash,100000,30,60373,0.14670001110062003,3,0
Hash,100000,31,80713,0.15839999832678586,3,0
Hash,100000,32,72974,0.15180000627879053,3,0
Hash,100000,33,53623,0.15490000077988952,3,0
Hash,100000,34,97312,0.15419999544974416,3,0
Hash,100000,35,37854,0.19659999816212803,3,0
Hash,100000,36,55205,0.1449999981559813,3,0
Hash,100000,37,82941,0.14460000966209918,3,0
Hash,100000,38,61852,0.15439999697264284,3,0
Hash,100000,39,86171,0.15230001008603722,3,0
Hash,100000,40,57736,0.12980001338291913,3,0
Hash,100000,41,70458,0.14560000272467732,3,0
Hash,100000,42,4583,0.14289999671746045,3,0
Hash,100000,43,22790,0.15419999544974416,3,0
Hash,100000,44,28939,0.15389999316539615,3,0
Hash,100000,45,7980,0.14760000340174884,3,0
Hash,100000,46,23280,0.13810000382363796,3,0
Hash,100000,47,10101,0.14849999570287764,3,0
Hash,100000,48,27798,0.15079999866429716,3,0
Hash,100000,49,63569,0.14799999189563096,3,0
Hash,100000,50,36484,0.15449999773409218,3,0
Hash,100000,51,37019,0.15740000526420772,3,0
Hash,100000,52,20951,0.1576999929966405,3,0
Hash,100000,53,26698,0.14659999578725547,3,0
Hash,100000,54,93666,0.14319999900180846,3,0
Hash,100000,55,64804,0.1463999942643568,3,0
Hash,100000,56,60914,0.15920000441838056,3,0
Hash,100000,57,17114,0.1517000055173412,3,0
Hash,100000,58,72913,0.15669999993406236,3,0
Hash,100000,59,16341,0.15639999764971435,3,0
Hash,100000,60,37946,0.15449999773409218,3,0
Hash,100000,61,98953,0.16450000111944973,3,0
Hash,100000,62,64000,0.15780000831000507,3,0
Hash,100000,63,55695,0.16030001279432327,3,0
Hash,100000,64,68462,0.15180000627879053,3,0
Hash,100000,65,84286,0.16129999130498618,3,0
Hash,100000,66,77600,0.14760000340174884,3,0
Hash,100000,67,22905,0.15180000627879053,3,0
Hash,100000,68,3211,0.14789999113418162,3,0
Hash,100000,69,31546,0.15469999925699085,3,0
Hash,100000,70,26775,0.15300000086426735,3,0
Hash,100000,71,21099,0.15430001076310873,3,0
Hash,100000,72,94291,0.15550000534858555,3,0
Hash,100000,73,87637,0.14679999731015414,3,0
Hash,100000,74,31468,0.15129998791962862,3,0
Hash,100000,75,65544,0.15069999790284783,3,0
Hash,100000,76,39564,0.149500003317371,3,0
Hash,100000,77,91455,0.14659999578725547,3,0
Hash,100000,78,45886,0.1365000061923638,3,0
Hash,100000,79,26489,0.1373999984934926,3,0
Hash,100000,80,24663,0.14820000797044486,3,0
Hash,100000,81,56137,0.15069999790284783,3,0
Hash,100000,82,26275,0.14340000052470714,3,0
Hash,100000,83,58459,0.15220000932458788,3,0
Hash,100000,84,89783,0.15360000543296337,3,0
Hash,100000,85,39941,0.17329999536741525,3,0
Hash,100000,86,21933,0.1644000003580004,3,0
Hash,100000,87,99754,0.146100006531924,3,0
Hash,100000,88,50953,0.14800000644754618,3,0
Hash,100000,89,9091,0.155699992319569,3,0
Hash,100000,90,4712,0.1640999980736524,3,0
Hash,100000,91,10965,0.14259999443311244,3,0
Hash,100000,92,62745,0.15999999595806003,3,0
Hash,100000,93,79208,0.14910000027157366,3,0
Hash,100000,94,42216,0.14790000568609685,3,0
Hash,100000,95,6353,0.16460000188089907,3,0
Hash,100000,96,38162,0.15140000323299319,3,0
Hash,100000,97,99613,0.1573999907122925,3,0
Hash,100000,98,52912,0.16969999705906957,3,0
Hash,100000,99,97108,0.15910000365693122,3,0
Hash,100000,100,86078,0.15449999773409218,3,0
Hash,100000,101,1149,0.15890000213403255,3,0
Hash,100000,102,72073,0.17010000010486692,3,0
Hash,100000,103,68172,0.15980000898707658,3,0
Hash,100000,104,53698,0.1542000100016594,3,0
Hash,100000,105,26683,0.15160000475589186,3,0
Hash,100000,106,64097,0.1657999964663759,3,0
Hash,100000,107,11156,0.15190000704023987,3,0
Hash,100000,108,43477,0.15730000450275838,3,0
Hash,100000,109,45373,0.14340000052470714,3,0
Hash,100000,110,95382,0.15300000086426735,3,0
Hash,100000,111,87586,0.1677000109339133,3,0
Hash,100000,112,26339,0.16369999502785504,3,0
Hash,100000,113,50059,0.156299996888265,3,0
Hash,100000,114,17866,0.15859999984968454,3,0
Hash,100000,115,91263,0.3515999997034669,3,0
Hash,100000,116,87052,0.17359999765176326,3,0
Hash,100000,117,29845,0.15799999528098851,3,0
Hash,100000,118,63895,0.16589999722782522,3,0
Hash,100000,119,60898,0.31570000282954425,3,0
Hash,100000,120,15284,0.41399999463465065,3,0
Hash,100000,121,76252,0.1649999903747812,3,0
Hash,100000,122,53938,0.18229999113827944,3,0
Hash,100000,123,77863,0.15520000306423753,3,0
Hash,100000,124,53036,0.17070000467356294,3,0
Hash,100000,125,58,0.1551999885123223,3,0
Hash,100000,126,32416,0.16039999900385737,3,0
Hash,100000,127,1948,0.1564999984111637,3,0
Hash,100000,128,92910,0.15560000611003488,3,0
Hash,100000,129,87873,0.15140000323299319,3,0
Hash,100000,130,83167,0.13890000991523266,3,0
Hash,100000,131,30752,0.22130001161713153,3,0
Hash,100000,132,5793,0.17020000086631626,3,0
Hash,100000,133,87801,0.16379999578930438,3,0
Hash,100000,134,94695,0.14899999951012433,3,0
Hash,100000,135,8566,0.159399991389364,3,0
Hash,100000,136,48600,0.149500003317371,3,0
Hash,100000,137,6922,0.1475000026402995,3,0
Hash,100000,138,76061,0.15359999088104814,3,0
Hash,100000,139,76584,0.14740000187885016,3,0
Hash,100000,140,12840,0.16879999020602554,3,0
Hash,100000,141,47529,0.1559000083943829,3,0
Hash,100000,142,54981,0.1588000013725832,3,0
Hash,100000,143,26506,0.1554000045871362,3,0
Hash,100000,144,87244,0.15870000061113387,3,0
Hash,100000,145,42314,0.14029999147169292,3,0
Hash,100000,146,21180,0.14220000593923032,3,0
Hash,100000,147,53930,0.14800000644754618,3,0
Hash,100000,148,72994,0.13970000145491213,3,0
Hash,100000,149,20116,0.1429999974789098,3,0
Hash,100000,150,31172,0.1520000078016892,3,0
Hash,100000,151,99515,0.14700001338496804,3,0
Hash,100000,152,64988,0.146100006531924,3,0
Hash,100000,153,43811,0.14910000027157366,3,0
Hash,100000,154,51758,0.14679999731015414,3,0
Hash,100000,155,12101,0.16369999502785504,3,0
Hash,100000,156,22470,0.14980000560171902,3,0
Hash,100000,157,33809,0.14990000636316836,3,0
Hash,100000,158,58831,0.14879999798722565,3,0
Hash,100000,159,23012,0.1483999949414283,3,0
Hash,100000,160,22022,0.1564999984111637,3,0
Hash,100000,161,7100,0.1466000103391707,3,0
Hash,100000,162,63111,0.14000000373926014,3,0
Hash,100000,163,22895,0.149500003317371,3,0
Hash,100000,164,90543,0.15330000314861536,3,0
Hash,100000,165,85964,0.148899998748675,3,0
Hash,100000,166,7086,0.15379999240394682,3,0
Hash,100000,167,23801,0.14970000484026968,3,0
Hash,100000,168,66898,0.16229999891947955,3,0
Hash,100000,169,21424,0.15069999790284783,3,0
Hash,100000,170,13232,0.1554000045871362,3,0
Hash,100000,171,93552,0.13670000771526247,3,0
Hash,100000,172,57105,0.15140000323299319,3,0
Hash,100000,173,47268,0.15279999934136868,3,0
Hash,100000,174,78462,0.14820000797044486,3,0
Hash,100000,175,80750,0.142700009746477,3,0
Hash,100000,176,19041,0.35680001019500196,3,0
Hash,100000,177,9694,0.21520000882446766,3,0
Hash,100000,178,43106,0.18190000264439732,3,0
Hash,100000,179,42358,0.1554000045871362,3,0
Hash,100000,180,46703,0.1657999964663759,3,0
Hash,100000,181,72908,0.14739998732693493,3,0
Hash,100000,182,67337,0.1512000017100945,3,0
Hash,100000,183,98417,0.14709999959450215,3,0
Hash,100000,184,9842,0.15160000475589186,3,0
Hash,100000,185,40263,0.14819999341852963,3,0
Hash,100000,186,33931,0.15669999993406236,3,0
Hash,100000,187,86168,0.1500999933341518,3,0
Hash,100000,188,24866,0.14319999900180846,3,0
Hash,100000,189,19021,0.15730000450275838,3,0
Hash,100000,190,44862,0.14229999214876443,3,0
Hash,100000,191,42189,0.14220000593923032,3,0
Hash,100000,192,27855,0.14800000644754618,3,0
Hash,100000,193,24981,0.14959998952690512,3,0
Hash,100000,194,92327,0.15380000695586205,3,0
Hash,100000,195,44314,0.14400000509340316,3,0
Hash,100000,196,86135,0.15389999316539615,3,0
Hash,100000,197,55033,0.1480999926570803,3,0
Hash,100000,198,5059,0.1419000036548823,3,0
Hash,100000,199,99929,0.15870000061113387,3,0
Hash,100000,200,83603,0.1568000006955117,3,0
Hash,100000,201,96900,0.1309000072069466,3,0
Hash,100000,202,92637,0.14800000644754618,3,0
Hash,100000,203,84870,0.15679998614359647,3,0
Hash,100000,204,16632,0.14650000957772136,3,0
Hash,100000,205,48565,0.1472000003559515,3,0
Hash,100000,206,21375,0.14910000027157366,3,0
Hash,100000,207,40105,0.14509999891743064,3,0
Hash,100000,208,5864,0.15890000213403255,3,0
Hash,100000,209,37898,0.14439999358728528,3,0
Hash,100000,210,98531,0.12969999806955457,3,0
Hash,100000,211,26521,0.15700000221841037,3,0
Hash,100000,212,78408,0.1458999904571101,3,0
Hash,100000,213,45501,0.15219999477267265,3,0
Hash,100000,214,42301,0.15539999003522098,3,0
Hash,100000,215,95732,0.1483999949414283,3,0
Hash,100000,216,99543,0.1517000055173412,3,0
Hash,100000,217,55577,0.15020000864751637,3,0
Hash,100000,218,71841,0.1542999962111935,3,0
Hash,100000,219,15480,0.15300000086426735,3,0
Hash,100000,220,29671,0.1466999965487048,3,0
Hash,100000,221,96871,0.14269999519456178,3,0
Hash,100000,222,57919,0.1548000000184402,3,0
Hash,100000,223,54220,0.15449999773409218,3,0
Hash,100000,224,74798,0.15729998995084316,3,0
Hash,100000,225,5717,0.14590000500902534,3,0
Hash,100000,226,58418,0.15400000847876072,3,0
Hash,100000,227,50286,0.14980000560171902,3,0
Hash,100000,228,85272,0.14679999731015414,3,0
Hash,100000,229,15744,0.1421999913873151,3,0
Hash,100000,230,96078,0.1446999958716333,3,0
Hash,100000,231,8012,0.15520000306423753,3,0
Hash,100000,232,18583,0.14970000484026968,3,0
Hash,100000,233,59504,0.14479999663308263,3,0
Hash,100000,234,67522,0.12599999899975955,3,0
Hash,100000,235,23521,0.15640001220162958,3,0
Hash,100000,236,11989,0.1432999997632578,3,0
Hash,100000,237,89029,0.15970000822562724,3,0
Hash,100000,238,24622,0.1483000087318942,3,0
Hash,100000,239,59452,0.15060001169331372,3,0
Hash,100000,240,61939,0.1568000006955117,3,0
Hash,100000,241,41923,0.189200000022538,3,0
Hash,100000,242,58368,0.1576000067871064,3,0
Hash,100000,243,52279,0.15679998614359647,3,0
Hash,100000,244,93471,0.14269999519456178,3,0
Hash,100000,245,20426,0.14820000797044486,3,0
Hash,100000,246,71620,0.15780000831000507,3,0
Hash,100000,247,23869,0.15260001237038523,3,0
Hash,100000,248,39579,0.15859999984968454,3,0
Hash,100000,249,67170,0.16209999739658087,3,0
Hash,100000,250,30000,0.15160000475589186,3,0
Hash,100000,251,31618,0.15929999062791467,3,0
Hash,100000,252,75187,0.14940000255592167,3,0
Hash,100000,253,7255,0.1584000128787011,3,0
Hash,100000,254,45829,0.1657999964663759,3,0
Hash,100000,255,99846,0.17210000078193843,3,0
Hash,100000,256,99610,0.15500000154133886,3,0
Hash,100000,257,7327,0.16290000348817557,3,0
Hash,100000,258,21316,0.16099998902063817,3,0
Hash,100000,259,26521,0.16029999824240804,3,0
Hash,100000,260,93326,0.16630000027362257,3,0
Hash,100000,261,88087,0.15449999773409218,3,0
Hash,100000,262,87928,0.14340000052470714,3,0
Hash,100000,263,36953,0.15239999629557133,3,0
Hash,100000,264,15775,0.15110000094864517,3,0
Hash,100000,265,83375,0.15870000061113387,3,0
Hash,100000,266,70354,0.14930000179447234,3,0
Hash,100000,267,61168,0.14560000272467732,3,0
Hash,100000,268,98724,0.14139999984763563,3,0
Hash,100000,269,65398,0.1508999994257465,3,0
Hash,100000,270,783,0.1441000058548525,3,0
Hash,100000,271,81711,0.15260001237038523,3,0
Hash,100000,272,29938,0.1508999994257465,3,0
Hash,100000,273,66339,0.14800000644754618,3,0
Hash,100000,274,93894,0.14570000348612666,3,0
Hash,100000,275,13430,0.15019999409560114,3,0
Hash,100000,276,11543,0.14770000416319817,3,0
Hash,100000,277,10704,0.1531000016257167,3,0
Hash,100000,278,55323,0.14279999595601112,3,0
Hash,100000,279,27235,0.15379999240394682,3,0
Hash,100000,280,60483,0.14689999807160348,3,0
Hash,100000,281,71762,0.145500001963228,3,0
Hash,100000,282,20360,0.14949998876545578,3,0
Hash,100000,283,63424,0.14420000661630183,3,0
Hash,100000,284,26399,0.15210000856313854,3,0
Hash,100000,285,48854,0.14350000128615648,3,0
Hash,100000,286,90534,0.1500999933341518,3,0
Hash,100000,287,84611,0.16419999883510172,3,0
Hash,100000,288,9230,0.1573999907122925,3,0
Hash,100000,289,42358,0.15110000094864517,3,0
Hash,100000,290,27669,0.1432999997632578,3,0
Hash,100000,291,355,0.15010000788606703,3,0
Hash,100000,292,77112,0.14710001414641738,3,0
Hash,100000,293,63712,0.13980000221636146,3,0
Hash,100000,294,26196,0.16369999502785504,3,0
Hash,100000,295,74124,0.15239999629557133,3,0
Hash,100000,296,55169,0.1438000035705045,3,0
Hash,100000,297,42769,0.14970000484026968,3,0
Hash,100000,298,967,0.15289998555090278,3,0
Hash,100000,299,7525,0.14980000560171902,3,0
Hash,100000,300,88311,0.15619999612681568,3,0
Hash,100000,301,90393,0.15830001211725175,3,0
Hash,100000,302,54560,0.14879999798722565,3,0
Hash,100000,303,83460,0.14689999807160348,3,0
Hash,100000,304,58251,0.1475000026402995,3,0
Hash,100000,305,14810,0.1500999933341518,3,0
Hash,100000,306,12745,0.24049999774433672,3,0
Hash,100000,307,30826,0.17109999316744506,3,0
Hash,100000,308,89899,0.1647000026423484,3,0
Hash,100000,309,79613,0.15619999612681568,3,0
Hash,100000,310,86071,0.15130000247154385,3,0
Hash,100000,311,89893,0.15609999536536634,3,0
Hash,100000,312,21008,0.1615999935893342,3,0
Hash,100000,313,24953,0.14739998732693493,3,0
Hash,100000,314,10280,0.15920000441838056,3,0
Hash,100000,315,78012,0.15509998775087297,3,0
Hash,100000,316,88414,0.1539999939268455,3,0
Hash,100000,317,40638,0.15969999367371202,3,0
Hash,100000,318,62067,0.2597999991849065,3,0
Hash,100000,319,15456,0.1753999968059361,3,0
Hash,100000,320,92989,0.15529998927377164,3,0
Hash,100000,321,86461,0.155999994603917,3,0
Hash,100000,322,97621,0.16739999409765005,3,0
Hash,100000,323,81078,0.14459999511018395,3,0
Hash,100000,324,88142,0.14459999511018395,3,0
Hash,100000,325,2479,0.14760000340174884,3,0
Hash,100000,326,73657,0.13919999764766544,3,0
Hash,100000,327,33219,0.15269999857991934,3,0
Hash,100000,328,93082,0.15720000374130905,3,0
Hash,100000,329,80224,0.16269998741336167,3,0
Hash,100000,330,86407,0.1669000048423186,3,0
Hash,100000,331,81075,0.2921999985119328,3,0
Hash,100000,332,26681,0.19039999460801482,3,0
Hash,100000,333,78738,0.19190000602975488,3,0
Hash,100000,334,10810,0.3311000036774203,3,0
Hash,100000,335,87217,0.1745000045048073,3,0
Hash,100000,336,85860,0.16469998809043318,3,0
Hash,100000,337,22244,0.21090000518597662,3,0
Hash,100000,338,81659,0.1584999990882352,3,0
Hash,100000,339,46031,0.1559000083943829,3,0
Hash,100000,340,30520,0.14990000636316836,3,0
Hash,100000,341,79535,0.15490000077988952,3,0
Hash,100000,342,22760,0.13810000382363796,3,0
Hash,100000,343,2367,0.14619999274145812,3,0
Hash,100000,344,19313,0.15269999857991934,3,0
Hash,100000,345,32827,0.14569998893421143,3,0
Hash,100000,346,86436,0.14200000441633165,3,0
Hash,100000,347,96689,0.15130000247154385,3,0
Hash,100000,348,27913,0.1951000012923032,3,0
Hash,100000,349,64149,0.16959999629762024,3,0
Hash,100000,350,39968,0.15870000061113387,3,0
Hash,100000,351,98115,0.14600000577047467,3,0
Hash,100000,352,53622,0.1812999980757013,3,0
Hash,100000,353,93924,0.15750000602565706,3,0
Hash,100000,354,11535,0.1601999974809587,3,0
Hash,100000,355,97041,0.15110000094864517,3,0
Hash,100000,356,17857,0.16150000737980008,3,0
Hash,100000,357,96254,0.14090001059230417,3,0
Hash,100000,358,26547,0.149500003317371,3,0
Hash,100000,359,10841,0.16660000255797058,3,0
Hash,100000,360,43457,0.14220000593923032,3,0
Hash,100000,361,72855,0.1472000003559515,3,0
Hash,100000,362,31368,0.15720000374130905,3,0
Hash,100000,363,60621,0.15169999096542597,3,0
Hash,100000,364,51143,0.14600000577047467,3,0
Hash,100000,365,38520,0.33629999961704016,3,0
Hash,100000,366,57659,0.16260000120382756,3,0
Hash,100000,367,25473,0.16680000408086926,3,0
Hash,100000,368,70879,0.1613000058569014,3,0
Hash,100000,369,170,0.15730000450275838,3,0
Hash,100000,370,92558,0.1652999926591292,3,0
Hash,100000,371,53846,0.1640999980736524,3,0
Hash,100000,372,71943,0.15900000289548188,3,0
Hash,100000,373,74196,0.14340000052470714,3,0
Hash,100000,374,67063,0.2631999959703535,3,0
Hash,100000,375,36423,0.17510000907350332,3,0
Hash,100000,376,6998,0.15069999790284783,3,0
Hash,100000,377,66424,0.14429999282583594,3,0
Hash,100000,378,33021,0.1604999997653067,3,0
Hash,100000,379,31392,0.17049998859874904,3,0
Hash,100000,380,84802,0.15400000847876072,3,0
Hash,100000,381,71976,0.14509999891743064,3,0
Hash,100000,382,30033,0.14180000289343297,3,0
Hash,100000,383,30929,0.14029999147169292,3,0
Hash,100000,384,40840,0.14150000060908496,3,0
Hash,100000,385,40241,0.15079999866429716,3,0
Hash,100000,386,29566,0.15770000754855573,3,0
Hash,100000,387,12729,0.1449000119464472,3,0
Hash,100000,388,42045,0.14899999951012433,3,0
Hash,100000,389,94037,0.1444000081392005,3,0
Hash,100000,390,67732,0.15410000924021006,3,0
Hash,100000,391,90281,0.1444000081392005,3,0
Hash,100000,392,61552,0.14730000111740083,3,0
Hash,100000,393,30095,0.15469999925699085,3,0
Hash,100000,394,54794,0.15249999705702066,3,0
Hash,100000,395,41,0.15439999697264284,3,0
Hash,100000,396,28692,0.1455999881727621,3,0
Hash,100000,397,42989,0.15039999561849982,3,0
Hash,100000,398,57999,0.1647000026423484,3,0
Hash,100000,399,65471,0.159399991389364,3,0
Hash,100000,400,46499,0.16840000171214342,3,0
Hash,100000,401,44216,0.1492999872425571,3,0
Hash,100000,402,21371,0.15720000374130905,3,0
Hash,100000,403,47319,0.14840000949334353,3,0
Hash,100000,404,90119,0.15650001296307892,3,0
Hash,100000,405,79603,0.15449999773409218,3,0
Hash,100000,406,16970,0.14869999722577631,3,0
Hash,100000,407,8480,0.15690000145696104,3,0
Hash,100000,408,51546,0.1449999981559813,3,0
Hash,100000,409,63295,0.1472000003559515,3,0
Hash,100000,410,33519,0.15690000145696104,3,0
Hash,100000,411,81843,0.15690000145696104,3,0
Hash,100000,412,75114,0.1537000061944127,3,0
Hash,100000,413,67280,0.19189999147783965,3,0
Hash,100000,414,22465,0.17379999917466193,3,0
Hash,100000,415,19913,0.14439999358728528,3,0
Hash,100000,416,2443,0.15199999324977398,3,0
Hash,100000,417,24485,0.14459999511018395,3,0
Hash,100000,418,47514,0.14089999604038894,3,0
Hash,100000,419,84974,0.15409999468829483,3,0
Hash,100000,420,7283,0.15950000670272857,3,0
Hash,100000,421,41445,0.1610000035725534,3,0
Hash,100000,422,62977,0.15209999401122332,3,0
Hash,100000,423,19444,0.15019999409560114,3,0
Hash,100000,424,69636,0.15910000365693122,3,0
Hash,100000,425,49438,0.15020000864751637,3,0
Hash,100000,426,24399,0.14960000407882035,3,0
Hash,100000,427,65606,0.1412999990861863,3,0
Hash,100000,428,555,0.20739999308716506,3,0
Hash,100000,429,75097,0.19540000357665122,3,0
Hash,100000,430,77005,0.15800000983290374,3,0
Hash,100000,431,10659,0.16080000204965472,3,0
Hash,100000,432,42515,0.16660000255797058,3,0
Hash,100000,433,17589,0.16110000433400273,3,0
Hash,100000,434,95797,0.15779999375808984,3,0
Hash,100000,435,51796,0.14760000340174884,3,0
Hash,100000,436,5022,0.15100000018719584,3,0
Hash,100000,437,24920,0.142400007462129,3,0
Hash,100000,438,84834,0.15730000450275838,3,0
Hash,100000,439,45647,0.152900000102818,3,0
Hash,100000,440,80142,0.1537000061944127,3,0
Hash,100000,441,66758,0.15039999561849982,3,0
Hash,100000,442,98790,0.148899998748675,3,0
Hash,100000,443,59546,0.14269999519456178,3,0
Hash,100000,444,95004,0.15779999375808984,3,0
Hash,100000,445,89143,0.14789999113418162,3,0
Hash,100000,446,61266,0.1429999974789098,3,0
Hash,100000,447,71928,0.1581999968038872,3,0
Hash,100000,448,50478,0.17420000222045928,3,0
Hash,100000,449,83057,0.1548999862279743,3,0
Hash,100000,450,54788,0.15829999756533653,3,0
Hash,100000,451,89721,0.1531000016257167,3,0
Hash,100000,452,74366,0.15260001237038523,3,0
Hash,100000,453,47468,0.15580000763293356,3,0
Hash,100000,454,25920,0.14220000593923032,3,0
Hash,100000,455,24724,0.1517999917268753,3,0
Hash,100000,456,63767,0.15700000221841037,3,0
Hash,100000,457,76582,0.14560000272467732,3,0
Hash,100000,458,52130,0.15209999401122332,3,0
Hash,100000,459,62675,0.15130000247154385,3,0
Hash,100000,460,27460,0.14849999570287764,3,0
Hash,100000,461,7749,0.14399999054148793,3,0
Hash,100000,462,28573,0.15900000289548188,3,0
Hash,100000,463,27172,0.14570000348612666,3,0
Hash,100000,464,31971,0.1545999984955415,3,0
Hash,100000,465,54016,0.149200001033023,3,0
Hash,100000,466,13838,0.15190000704023987,3,0
Hash,100000,467,23127,0.1399999891873449,3,0
Hash,100000,468,69395,0.16070000128820539,3,0
Hash,100000,469,70642,0.13839999155607074,3,0
Hash,100000,470,6423,0.14350000128615648,3,0
Hash,100000,471,40760,0.15730000450275838,3,0
Hash,100000,472,54262,0.15320000238716602,3,0
Hash,100000,473,41578,0.14800000644754618,3,0
Hash,100000,474,20684,0.1618999958736822,3,0
Hash,100000,475,42015,0.15339998935814947,3,0
Hash,100000,476,90484,0.14770000416319817,3,0
Hash,100000,477,58408,0.14349998673424125,3,0
Hash,100000,478,69553,0.16169999435078353,3,0
Hash,100000,479,85674,0.15920000441838056,3,0
Hash,100000,480,76560,0.16369999502785504,3,0
Hash,100000,481,38039,0.14019999071024358,3,0
Hash,100000,482,590,0.1463999942643568,3,0
Hash,100000,483,35176,0.1500000071246177,3,0
Hash,100000,484,75348,0.1466999965487048,3,0
Hash,100000,485,85345,0.1581999968038872,3,0
Hash,100000,486,95344,0.14649999502580613,3,0
Hash,100000,487,41903,0.14600000577047467,3,0
Hash,100000,488,74752,0.1453000004403293,3,0
Hash,100000,489,54614,0.15320000238716602,3,0
Hash,100000,490,60326,0.15249999705702066,3,0
Hash,100000,491,22054,0.15600000915583223,3,0
Hash,100000,492,21943,0.2604999899631366,3,0
Hash,100000,493,43584,0.18489999638404697,3,0
Hash,100000,494,2903,0.16139999206643552,3,0
Hash,100000,495,33613,0.1621999981580302,3,0
Hash,100000,496,67915,0.15269999857991934,3,0
Hash,100000,497,40432,0.15559999155811965,3,0
Hash,100000,498,16505,0.15959999291226268,3,0
Hash,100000,499,46740,0.1264000020455569,3,0
Hash,100000,500,12763,0.14059999375604093,3,0
Hash,100000,501,62226,0.15690000145696104,3,0
Hash,100000,502,2697,0.16379999578930438,3,0
Hash,100000,503,39403,0.15390000771731138,3,0
Hash,100000,504,56440,0.1505999971413985,3,0
Hash,100000,505,2711,0.15019999409560114,3,0
Hash,100000,506,64275,0.16250000044237822,3,0
Hash,100000,507,13570,0.14730000111740083,3,0
Hash,100000,508,46170,0.15419999544974416,3,0
Hash,100000,509,5029,0.1537000061944127,3,0
Hash,100000,510,37911,0.14760000340174884,3,0
Hash,100000,511,21167,0.1596000074641779,3,0
Hash,100000,512,32685,0.1469000126235187,3,0
Hash,100000,513,76123,0.1503000094089657,3,0
Hash,100000,514,37913,0.14730000111740083,3,0
Hash,100000,515,75201,0.15520000306423753,3,0
Hash,100000,516,83193,0.27800000680144876,3,0
Hash,100000,517,25228,0.15380000695586205,3,0
Hash,100000,518,8191,0.1581999968038872,3,0
Hash,100000,519,1939,0.2669000095920637,3,0
Hash,100000,520,53942,0.1568000006955117,3,0
Hash,100000,521,99991,0.17349999689031392,3,0
Hash,100000,522,34997,0.15389999316539615,3,0
Hash,100000,523,65015,0.1799000019673258,3,0
Hash,100000,524,78124,0.16309999045915902,3,0
Hash,100000,525,65176,0.1545999984955415,3,0
Hash,100000,526,75424,0.16009999671950936,3,0
Hash,100000,527,94962,0.2094999945256859,3,0
Hash,100000,528,19937,0.23429999419022352,3,0
Hash,100000,529,2039,0.23580000561196357,3,0
Hash,100000,530,15239,0.16739999409765005,3,0
Hash,100000,531,12623,0.1640999980736524,3,0
Hash,100000,532,66946,0.16310000501107424,3,0
Hash,100000,533,56397,0.1554000045871362,3,0
Hash,100000,534,21797,0.21139999444130808,3,0
Hash,100000,535,69947,0.16569999570492655,3,0
Hash,100000,536,76690,0.27189998945686966,3,0
Hash,100000,537,16779,0.18289999570697546,3,0
Hash,100000,538,60725,0.15639999764971435,3,0
Hash,100000,539,74793,0.1568999869050458,3,0
Hash,100000,540,11454,0.1604999997653067,3,0
Hash,100000,541,81931,0.16840000171214342,3,0
Hash,100000,542,96473,0.28469999961089343,3,0
Hash,100000,543,10810,0.18360000103712082,3,0
Hash,100000,544,2568,0.16509999113623053,3,0
Hash,100000,545,31196,0.16419999883510172,3,0
Hash,100000,546,67735,0.13020000187680125,3,0
Hash,100000,547,95818,0.15700000221841037,3,0
Hash,100000,548,39666,0.15360000543296337,3,0
Hash,100000,549,71502,0.16450000111944973,3,0
Hash,100000,550,7600,0.39250000554602593,3,0
Hash,100000,551,69062,0.1773999974830076,3,0
Hash,100000,552,62725,0.17099999240599573,3,0
Hash,100000,553,10191,0.16149999282788485,3,0
Hash,100000,554,77249,0.1564999984111637,3,0
Hash,100000,555,85030,0.15830001211725175,3,0
Hash,100000,556,60042,0.16060000052675605,3,0
Hash,100000,557,12106,0.152299995534122,3,0
Hash,100000,558,98385,0.15239999629557133,3,0
Hash,100000,559,78264,0.14560000272467732,3,0
Hash,100000,560,34721,0.2103000006172806,3,0
Hash,100000,561,42838,0.16139999206643552,3,0
Hash,100000,562,37058,0.1711999939288944,3,0
Hash,100000,563,50597,0.14629999350290745,3,0
Hash,100000,564,34124,0.15039999561849982,3,0
Hash,100000,565,84958,0.1531000016257167,3,0
Hash,100000,566,82234,0.15730000450275838,3,0
Hash,100000,567,10554,0.15130000247154385,3,0
Hash,100000,568,96079,0.15439999697264284,3,0
Hash,100000,569,63559,0.15950000670272857,3,0
Hash,100000,570,82871,0.13939999917056412,3,0
Hash,100000,571,70731,0.16830000095069408,3,0
Hash,100000,572,43549,0.15300000086426735,3,0
Hash,100000,573,73380,0.14689999807160348,3,0
Hash,100000,574,96548,0.14770000416319817,3,0
Hash,100000,575,27009,0.15389999316539615,3,0
Hash,100000,576,80820,0.1475000026402995,3,0
Hash,100000,577,53818,0.15600000915583223,3,0
Hash,100000,578,48350,0.16680000408086926,3,0
Hash,100000,579,43558,0.15269999857991934,3,0
Hash,100000,580,73103,0.14259999443311244,3,0
Hash,100000,581,26840,0.14399999054148793,3,0
Hash,100000,582,85172,0.14099999680183828,3,0
Hash,100000,583,83074,0.15300000086426735,3,0
Hash,100000,584,8667,0.1505999971413985,3,0
Hash,100000,585,88164,0.14680001186206937,3,0
Hash,100000,586,24387,0.15500000154133886,3,0
Hash,100000,587,46471,0.1508999994257465,3,0
Hash,100000,588,61034,0.16260000120382756,3,0
Hash,100000,589,37899,0.16250000044237822,3,0
Hash,100000,590,2870,0.15180000627879053,3,0
Hash,100000,591,85096,0.15639999764971435,3,0
Hash,100000,592,18184,0.15589999384246767,3,0
Hash,100000,593,21212,0.152299995534122,3,0
Hash,100000,594,79784,0.15269999857991934,3,0
Hash,100000,595,34034,0.1505999971413985,3,0
Hash,100000,596,88032,0.16519999189767987,3,0
Hash,100000,597,70119,0.16969999705906957,3,0
Hash,100000,598,27627,0.14940000255592167,3,0
Hash,100000,599,1016,0.149500003317371,3,0
Hash,100000,600,94807,0.14829999417997897,3,0
Hash,100000,601,8562,0.14350000128615648,3,0
Hash,100000,602,72008,0.15639999764971435,3,0
Hash,100000,603,48858,0.15589999384246767,3,0
Hash,100000,604,75817,0.15140000323299319,3,0
Hash,100000,605,69061,0.15369999164249748,3,0
Hash,100000,606,64591,0.15330000314861536,3,0
Hash,100000,607,49083,0.15800000983290374,3,0
Hash,100000,608,79294,0.15600000915583223,3,0
Hash,100000,609,9306,0.15630001144018024,3,0
Hash,100000,610,22160,0.16039999900385737,3,0
Hash,100000,611,69179,0.16229999891947955,3,0
Hash,100000,612,30621,0.23910000163596123,3,0
Hash,100000,613,58156,0.22259999241214246,3,0
Hash,100000,614,47327,0.1640999980736524,3,0
Hash,100000,615,53093,0.1497999910498038,3,0
Hash,100000,616,42551,0.16349999350495636,3,0
Hash,100000,617,74594,0.15659999917261302,3,0
Hash,100000,618,33080,0.15490000077988952,3,0
Hash,100000,619,70286,0.1564999984111637,3,0
Hash,100000,620,27092,0.15449999773409218,3,0
Hash,100000,621,25141,0.13889999536331743,3,0
Hash,100000,622,12066,0.1449999981559813,3,0
Hash,100000,623,19259,0.15490000077988952,3,0
Hash,100000,624,11956,0.15469999925699085,3,0
Hash,100000,625,53587,0.152299995534122,3,0
Hash,100000,626,76219,0.14620000729337335,3,0
Hash,100000,627,18515,0.1584999990882352,3,0
Hash,100000,628,21639,0.1604999997653067,3,0
Hash,100000,629,48420,0.15520000306423753,3,0
Hash,100000,630,72459,0.15970000822562724,3,0
Hash,100000,631,97661,0.156299996888265,3,0
Hash,100000,632,52464,0.14829999417997897,3,0
Hash,100000,633,28300,0.16099998902063817,3,0
Hash,100000,634,10053,0.14869999722577631,3,0
Hash,100000,635,19412,0.14989999181125313,3,0
Hash,100000,636,22749,0.1534000039100647,3,0
Hash,100000,637,17945,0.14689999807160348,3,0
Hash,100000,638,1415,0.14460000966209918,3,0
Hash,100000,639,53414,0.1562000106787309,3,0
Hash,100000,640,27432,0.1562000106787309,3,0
Hash,100000,641,97430,0.1562000106787309,3,0
Hash,100000,642,55336,0.1593000051798299,3,0
Hash,100000,643,69742,0.15929999062791467,3,0
Hash,100000,644,12628,0.13770000077784061,3,0
Hash,100000,645,86847,0.16960001084953547,3,0
Hash,100000,646,49088,0.14940000255592167,3,0
Hash,100000,647,87272,0.15949999215081334,3,0
Hash,100000,648,57407,0.14970000484026968,3,0
Hash,100000,649,46940,0.15330000314861536,3,0
Hash,100000,650,44047,0.14590000500902534,3,0
Hash,100000,651,18437,0.16310000501107424,3,0
Hash,100000,652,5138,0.148899998748675,3,0
Hash,100000,653,94107,0.14900001406203955,3,0
Hash,100000,654,47773,0.14570000348612666,3,0
Hash,100000,655,82212,0.1542999962111935,3,0
Hash,100000,656,40071,0.15490000077988952,3,0
Hash,100000,657,7409,0.14560000272467732,3,0
Hash,100000,658,62945,0.14740000187885016,3,0
Hash,100000,659,5361,0.14650000957772136,3,0
Hash,100000,660,14920,0.15190000704023987,3,0
Hash,100000,661,56284,0.13679999392479658,3,0
Hash,100000,662,30384,0.13760000001639128,3,0
Hash,100000,663,99392,0.24249999842140824,3,0
Hash,100000,664,11846,0.1647000026423484,3,0
Hash,100000,665,76445,0.16480000340379775,3,0
Hash,100000,666,60632,0.16070000128820539,3,0
Hash,100000,667,79075,0.16789999790489674,3,0
Hash,100000,668,22569,0.15320000238716602,3,0
Hash,100000,669,52258,0.1517999917268753,3,0
Hash,100000,670,45052,0.15029999485705048,3,0
Hash,100000,671,44273,0.15209999401122332,3,0
Hash,100000,672,86017,0.1584999990882352,3,0
Hash,100000,673,99004,0.1548000000184402,3,0
Hash,100000,674,30539,0.14800000644754618,3,0
Hash,100000,675,62103,0.14659999578725547,3,0
Hash,100000,676,60964,0.20330000552348793,3,0
Hash,100000,677,74009,0.15199999324977398,3,0
Hash,100000,678,94760,0.16179999511223286,3,0
Hash,100000,679,20779,0.17389999993611127,3,0
Hash,100000,680,21103,0.1554000045871362,3,0
Hash,100000,681,66043,0.152299995534122,3,0
Hash,100000,682,15706,0.16199999663513154,3,0
Hash,100000,683,17382,0.1492999872425571,3,0
Hash,100000,684,7507,0.15350000467151403,3,0
Hash,100000,685,268,0.1545999984955415,3,0
Hash,100000,686,45051,0.14080000983085483,3,0
Hash,100000,687,59382,0.15580000763293356,3,0
Hash,100000,688,29126,0.14910000027157366,3,0
Hash,100000,689,23148,0.15610000991728157,3,0
Hash,100000,690,70696,0.1525000116089359,3,0
Hash,100000,691,70299,0.15100000018719584,3,0
Hash,100000,692,45404,0.14779999037273228,3,0
Hash,100000,693,68739,0.15560000611003488,3,0
Hash,100000,694,92392,0.15610000991728157,3,0
Hash,100000,695,78783,0.15800000983290374,3,0
Hash,100000,696,62506,0.1520000078016892,3,0
Hash,100000,697,66119,0.15979999443516135,3,0
Hash,100000,698,93367,0.15810001059435308,3,0
Hash,100000,699,42514,0.1568000006955117,3,0
Hash,100000,700,54457,0.15190000704023987,3,0
Hash,100000,701,64764,0.15469999925699085,3,0
Hash,100000,702,90842,0.16320000577252358,3,0
Hash,100000,703,82664,0.17069999012164772,3,0
Hash,100000,704,7141,0.1517999917268753,3,0
Hash,100000,705,16593,0.15720000374130905,3,0
Hash,100000,706,30762,0.16200001118704677,3,0
Hash,100000,707,74896,0.1610000035725534,3,0
Hash,100000,708,56921,0.15359999088104814,3,0
Hash,100000,709,28862,0.15659999917261302,3,0
Hash,100000,710,12436,0.15069999790284783,3,0
Hash,100000,711,68868,0.14959998952690512,3,0
Hash,100000,712,69974,0.15560000611003488,3,0
Hash,100000,713,94268,0.14970000484026968,3,0
Hash,100000,714,50048,0.15509998775087297,3,0
Hash,100000,715,49380,0.145500001963228,3,0
Hash,100000,716,8045,0.1581999968038872,3,0
Hash,100000,717,3987,0.15119998715817928,3,0
Hash,100000,718,43203,0.15130000247154385,3,0
Hash,100000,719,32233,0.14999999257270247,3,0
Hash,100000,720,25037,0.14689999807160348,3,0
Hash,100000,721,9133,0.14799999189563096,3,0
Hash,100000,722,96192,0.1621999981580302,3,0
Hash,100000,723,83596,0.14940000255592167,3,0
Hash,100000,724,57520,0.1537000061944127,3,0
Hash,100000,725,95079,0.16039999900385737,3,0
Hash,100000,726,99958,0.17250000382773578,3,0
Hash,100000,727,67229,0.1573999907122925,3,0
Hash,100000,728,26952,0.1551999885123223,3,0
Hash,100000,729,4024,0.1657999964663759,3,0
Hash,100000,730,75627,0.16349999350495636,3,0
Hash,100000,731,47051,0.16479998885188252,3,0
Hash,100000,732,65151,0.1694999955361709,3,0
Hash,100000,733,91608,0.16460000188089907,3,0
Hash,100000,734,18149,0.189200000022538,3,0
Hash,100000,735,58533,0.15759999223519117,3,0
Hash,100000,736,63479,0.1745000045048073,3,0
Hash,100000,737,49173,0.22200000239536166,3,0
Hash,100000,738,9125,0.29749999521300197,3,0
Hash,100000,739,34797,0.43990000267513096,3,0
Hash,100000,740,33331,0.17260000458918512,3,0
Hash,100000,741,67014,0.1723000023048371,3,0
Hash,100000,742,85774,0.29209999775048345,3,0
Hash,100000,743,32981,0.21050000214017928,3,0
Hash,100000,744,69368,0.1917000045068562,3,0
Hash,100000,745,28822,0.16610001330263913,3,0
Hash,100000,746,94520,0.17179999849759042,3,0
Hash,100000,747,81357,0.26169999910052866,3,0
Hash,100000,748,55010,0.264899994363077,3,0
Hash,100000,749,45483,0.25939999613910913,3,0
Hash,100000,750,31452,0.2314000012120232,3,0
Hash,100000,751,32328,0.14760000340174884,3,0
Hash,100000,752,97019,0.15130000247154385,3,0
Hash,100000,753,40418,0.1475000026402995,3,0
Hash,100000,754,51460,0.15199999324977398,3,0
Hash,100000,755,98812,0.15500000154133886,3,0
Hash,100000,756,65767,0.14189998910296708,3,0
Hash,100000,757,54260,0.14269999519456178,3,0
Hash,100000,758,41325,0.14730000111740083,3,0
Hash,100000,759,18759,0.14940000255592167,3,0
Hash,100000,760,36178,0.14120001287665218,3,0
Hash,100000,761,75645,0.13719999697059393,3,0
Hash,100000,762,62541,0.14869999722577631,3,0
Hash,100000,763,76000,0.1453000004403293,3,0
Hash,100000,764,20356,0.2525000018067658,3,0
Hash,100000,765,54922,0.1573999907122925,3,0
Hash,100000,766,92768,0.17040000238921493,3,0
Hash,100000,767,43812,0.15809999604243785,3,0
Hash,100000,768,69826,0.14489999739453197,3,0
Hash,100000,769,12143,0.14930000179447234,3,0
Hash,100000,770,97315,0.1618999958736822,3,0
Hash,100000,771,60888,0.149200001033023,3,0
Hash,100000,772,23930,0.15720000374130905,3,0
Hash,100000,773,15838,0.14999999257270247,3,0
Hash,100000,774,55084,0.1534000039100647,3,0
Hash,100000,775,55226,0.15469999925699085,3,0
Hash,100000,776,9321,0.15870000061113387,3,0
Hash,100000,777,99226,0.16229999891947955,3,0
Hash,100000,778,91293,0.14319999900180846,3,0
Hash,100000,779,46145,0.14910000027157366,3,0
Hash,100000,780,11747,0.15329998859670013,3,0
Hash,100000,781,83215,0.2001999964704737,3,0
Hash,100000,782,49838,0.14109999756328762,3,0
Hash,100000,783,71661,0.14849999570287764,3,0
Hash,100000,784,50888,0.1458999904571101,3,0
Hash,100000,785,27343,0.14649999502580613,3,0
Hash,100000,786,83473,0.1505999971413985,3,0
Hash,100000,787,98025,0.14489999739453197,3,0
Hash,100000,788,24374,0.14679999731015414,3,0
Hash,100000,789,55127,0.15100000018719584,3,0
Hash,100000,790,38359,0.1545999984955415,3,0
Hash,100000,791,92187,0.15300000086426735,3,0
Hash,100000,792,50825,0.14869999722577631,3,0
Hash,100000,793,87933,0.16179999511223286,3,0
Hash,100000,794,86403,0.14449999434873462,3,0
Hash,100000,795,27625,0.14649999502580613,3,0
Hash,100000,796,79001,0.15209999401122332,3,0
Hash,100000,797,41495,0.16670000331941992,3,0
Hash,100000,798,93425,0.17690000822767615,3,0
Hash,100000,799,50774,0.16260000120382756,3,0
Hash,100000,800,82055,0.15809999604243785,3,0
Hash,100000,801,28284,0.1576999929966405,3,0
Hash,100000,802,29856,0.15379999240394682,3,0
Hash,100000,803,58694,0.16539999342057854,3,0
Hash,100000,804,99891,0.16660000255797058,3,0
Hash,100000,805,48965,0.1455999881727621,3,0
Hash,100000,806,14860,0.16080000204965472,3,0
Hash,100000,807,53859,0.16000001050997525,3,0
Hash,100000,808,34513,0.15490000077988952,3,0
Hash,100000,809,55192,0.15950000670272857,3,0
Hash,100000,810,54344,0.14150000060908496,3,0
Hash,100000,811,45535,0.1534000039100647,3,0
Hash,100000,812,32178,0.1596000074641779,3,0
Hash,100000,813,18866,0.17010000010486692,3,0
Hash,100000,814,69750,0.16320000577252358,3,0
Hash,100000,815,57180,0.15049999637994915,3,0
Hash,100000,816,23357,0.13660000695381314,3,0
Hash,100000,817,77555,0.14699999883305281,3,0
Hash,100000,818,4365,0.1449999981559813,3,0
Hash,100000,819,74471,0.1514999894425273,3,0
Hash,100000,820,70523,0.15560000611003488,3,0
Hash,100000,821,81141,0.1799000019673258,3,0
Hash,100000,822,38608,0.15389999316539615,3,0
Hash,100000,823,66369,0.15249999705702066,3,0
Hash,100000,824,82075,0.16029999824240804,3,0
Hash,100000,825,98082,0.15859999984968454,3,0
Hash,100000,826,49533,0.15690000145696104,3,0
Hash,100000,827,3702,0.14170000213198364,3,0
Hash,100000,828,50230,0.146100006531924,3,0
Hash,100000,829,59019,0.16610001330263913,3,0
Hash,100000,830,86971,0.16009999671950936,3,0
Hash,100000,831,87420,0.18170000112149864,3,0
Hash,100000,832,44031,0.1562000106787309,3,0
Hash,100000,833,52596,0.1598999951966107,3,0
Hash,100000,834,45693,0.15409999468829483,3,0
Hash,100000,835,72245,0.15029999485705048,3,0
Hash,100000,836,40998,0.13210000179242343,3,0
Hash,100000,837,65479,0.15100000018719584,3,0
Hash,100000,838,15437,0.14859999646432698,3,0
Hash,100000,839,46950,0.16759999562054873,3,0
Hash,100000,840,96921,0.1512000017100945,3,0
Hash,100000,841,33857,0.14819999341852963,3,0
Hash,100000,842,69271,0.1514999894425273,3,0
Hash,100000,843,64984,0.16039999900385737,3,0
Hash,100000,844,85177,0.14619999274145812,3,0
Hash,100000,845,85235,0.14859999646432698,3,0
Hash,100000,846,85935,0.15839999832678586,3,0
Hash,100000,847,38001,0.14199998986441642,3,0
Hash,100000,848,31667,0.14800000644754618,3,0
Hash,100000,849,71872,0.1512000017100945,3,0
Hash,100000,850,75941,0.16599999798927456,3,0
Hash,100000,851,87239,0.17440000374335796,3,0
Hash,100000,852,3590,0.15979999443516135,3,0
Hash,100000,853,6843,0.15189999248832464,3,0
Hash,100000,854,63117,0.16009999671950936,3,0
Hash,100000,855,92093,0.14609999198000878,3,0
Hash,100000,856,99743,0.1531000016257167,3,0
Hash,100000,857,74677,0.15199999324977398,3,0
Hash,100000,858,43398,0.15439999697264284,3,0
Hash,100000,859,9845,0.15999999595806003,3,0
Hash,100000,860,63375,0.16479998885188252,3,0
Hash,100000,861,87258,0.16009999671950936,3,0
Hash,100000,862,44368,0.1545999984955415,3,0
Hash,100000,863,69401,0.1500999933341518,3,0
Hash,100000,864,90343,0.152900000102818,3,0
Hash,100000,865,4600,0.15589999384246767,3,0
Hash,100000,866,79615,0.15490000077988952,3,0
Hash,100000,867,29337,0.16060000052675605,3,0
Hash,100000,868,37485,0.16080000204965472,3,0
Hash,100000,869,14557,0.15929999062791467,3,0
Hash,100000,870,53117,0.1551000023027882,3,0
Hash,100000,871,56593,0.1635000080568716,3,0
Hash,100000,872,79252,0.16250000044237822,3,0
Hash,100000,873,16999,0.1466000103391707,3,0
Hash,100000,874,7897,0.15249999705702066,3,0
Hash,100000,875,87084,0.15750000602565706,3,0
Hash,100000,876,61972,0.14319999900180846,3,0
Hash,100000,877,24083,0.15639999764971435,3,0
Hash,100000,878,91283,0.15380000695586205,3,0
Hash,100000,879,14312,0.15780000831000507,3,0
Hash,100000,880,46115,0.15600000915583223,3,0
Hash,100000,881,25398,0.1564999984111637,3,0
Hash,100000,882,25533,0.14210000517778099,3,0
Hash,100000,883,940,0.14200000441633165,3,0
Hash,100000,884,80464,0.16260000120382756,3,0
Hash,100000,885,90121,0.15220000932458788,3,0
Hash,100000,886,67762,0.1508999994257465,3,0
Hash,100000,887,15798,0.1601999974809587,3,0
Hash,100000,888,44173,0.15920000441838056,3,0
Hash,100000,889,34557,0.14989999181125313,3,0
Hash,100000,890,58758,0.1505999971413985,3,0
Hash,100000,891,63894,0.15379999240394682,3,0
Hash,100000,892,42431,0.1657999964663759,3,0
Hash,100000,893,25010,0.15529998927377164,3,0
Hash,100000,894,84531,0.14980000560171902,3,0
Hash,100000,895,19922,0.15260001237038523,3,0
Hash,100000,896,38470,0.16070000128820539,3,0
Hash,100000,897,48321,0.15890000213403255,3,0
Hash,100000,898,23721,0.146100006531924,3,0
Hash,100000,899,57193,0.1564999984111637,3,0
Hash,100000,900,57482,0.14620000729337335,3,0
Hash,100000,901,99270,0.15390000771731138,3,0
Hash,100000,902,29524,0.15439999697264284,3,0
Hash,100000,903,97795,0.16229999891947955,3,0
Hash,100000,904,65823,0.15189999248832464,3,0
Hash,100000,905,27449,0.15839999832678586,3,0
Hash,100000,906,56593,0.1581999968038872,3,0
Hash,100000,907,68580,0.1568000006955117,3,0
Hash,100000,908,74467,0.16190001042559743,3,0
Hash,100000,909,4905,0.14640000881627202,3,0
Hash,100000,910,60641,0.15269999857991934,3,0
Hash,100000,911,49673,0.14180000289343297,3,0
Hash,100000,912,90416,0.15749999147374183,3,0
Hash,100000,913,28620,0.15160000475589186,3,0
Hash,100000,914,79887,0.1551000023027882,3,0
Hash,100000,915,60707,0.16080000204965472,3,0
Hash,100000,916,35233,0.1618999958736822,3,0
Hash,100000,917,63662,0.1483999949414283,3,0
Hash,100000,918,62090,0.15390000771731138,3,0
Hash,100000,919,67777,0.146100006531924,3,0
Hash,100000,920,72093,0.1497999910498038,3,0
Hash,100000,921,65919,0.156299996888265,3,0
Hash,100000,922,83834,0.15409999468829483,3,0
Hash,100000,923,62825,0.1453000004403293,3,0
Hash,100000,924,90341,0.15800000983290374,3,0
Hash,100000,925,64635,0.16500000492669642,3,0
Hash,100000,926,30894,0.1621999981580302,3,0
Hash,100000,927,44083,0.15980000898707658,3,0
Hash,100000,928,57958,0.15990000974852592,3,0
Hash,100000,929,73236,0.1900999923236668,3,0
Hash,100000,930,9014,0.1660999987507239,3,0
Hash,100000,931,29512,0.17100000695791095,3,0
Hash,100000,932,74749,0.17080000543501228,3,0
Hash,100000,933,17565,0.1534000039100647,3,0
Hash,100000,934,13216,0.14899999951012433,3,0
Hash,100000,935,53941,0.1638000103412196,3,0
Hash,100000,936,97149,0.1604999997653067,3,0
Hash,100000,937,53086,0.1638999965507537,3,0
Hash,100000,938,91349,0.15969999367371202,3,0
Hash,100000,939,83048,0.16039999900385737,3,0
Hash,100000,940,25698,0.16360000881832093,3,0
Hash,100000,941,82469,0.16250000044237822,3,0
Hash,100000,942,48185,0.15789999451953918,3,0
Hash,100000,943,80649,0.159399991389364,3,0
Hash,100000,944,74656,0.14999999257270247,3,0
Hash,100000,945,33872,0.16399999731220305,3,0
Hash,100000,946,11517,0.15430001076310873,3,0
Hash,100000,947,96290,0.229199999012053,3,0
Hash,100000,948,14076,0.1748000067891553,3,0
Hash,100000,949,96651,0.15990000974852592,3,0
Hash,100000,950,86015,0.2628999936860055,3,0
Hash,100000,951,72422,0.18230000569019467,3,0
Hash,100000,952,97995,0.16899999172892421,3,0
Hash,100000,953,96727,0.18170000112149864,3,0
Hash,100000,954,80459,0.16510000568814576,3,0
Hash,100000,955,36578,0.16310000501107424,3,0
Hash,100000,956,79069,0.14740000187885016,3,0
Hash,100000,957,1392,0.1503000094089657,3,0
Hash,100000,958,53658,0.14489999739453197,3,0
Hash,100000,959,45479,0.14930000179447234,3,0
Hash,100000,960,67283,0.19579999207053334,3,0
Hash,100000,961,67235,0.16120000509545207,3,0
Hash,100000,962,58457,0.1441000058548525,3,0
Hash,100000,963,82242,0.16039999900385737,3,0
Hash,100000,964,94030,0.14319999900180846,3,0
Hash,100000,965,10835,0.16260000120382756,3,0
Hash,100000,966,23383,0.15419999544974416,3,0
Hash,100000,967,2503,0.16319999122060835,3,0
Hash,100000,968,88424,0.15899998834356666,3,0
Hash,100000,969,56141,0.15600000915583223,3,0
Hash,100000,970,91526,0.15360000543296337,3,0
Hash,100000,971,22137,0.1630000042496249,3,0
Hash,100000,972,6322,0.19720000273082405,3,0
Hash,100000,973,82386,0.15259999781847,3,0
Hash,100000,974,90939,0.1564999984111637,3,0
Hash,100000,975,30220,0.1396000006934628,3,0
Hash,100000,976,40830,0.14630000805482268,3,0
Hash,100000,977,13978,0.1514999894425273,3,0
Hash,100000,978,94627,0.15490000077988952,3,0
Hash,100000,979,30437,0.14449999434873462,3,0
Hash,100000,980,49263,0.15619999612681568,3,0
Hash,100000,981,9720,0.152900000102818,3,0
Hash,100000,982,88726,0.1568999869050458,3,0
Hash,100000,983,13567,0.1463999942643568,3,0
Hash,100000,984,45365,0.14679999731015414,3,0
Hash,100000,985,67049,0.385499995900318,3,0
Hash,100000,986,74315,0.36109999928157777,3,0
Hash,100000,987,94598,0.3502000035950914,3,0
Hash,100000,988,41913,0.30530001095030457,3,0
Hash,100000,989,74227,0.3257000062149018,3,0
Hash,100000,990,15453,0.3252000024076551,3,0
Hash,100000,991,41489,0.34189999860245734,3,0
Hash,100000,992,9903,0.3294000052846968,3,0
Hash,100000,993,48935,0.3319999959785491,3,0
Hash,100000,994,40812,0.32920000376179814,3,0
Hash,100000,995,95153,0.3597000031732023,3,0
Hash,100000,996,3272,0.1643000141484663,3,0
Hash,100000,997,37053,0.1548000000184402,3,0
Hash,100000,998,44339,0.1664000010350719,3,0
Hash,100000,999,95056,0.15990000974852592,3,0
Hash,100000,1000,85546,0.15900000289548188,3,0
